Date,Open,High,Low,Close,Volume,Market Cap
2014-08-23,0.001491,0.0014960000000000002,0.001485,0.0014939999999999999,23,49158
2014-08-24,0.001495,0.001539,0.001492,0.001525,8,49302
2014-08-25,0.001525,0.002019,0.001248,0.00201,8,50294
2014-08-26,0.00201,0.0020469999999999998,0.001413,0.002046,21,66324
2014-08-27,0.002049,0.0020829999999999998,0.0020440000000000002,0.002045,1,67610
2014-08-28,0.0020440000000000002,0.002065,0.001521,0.001523,15,67468
2014-08-29,0.001525,0.001791,0.001511,0.0017800000000000001,6,50373
2014-08-30,0.0017800000000000001,0.002022,0.001564,0.002017,80,58809
2014-08-31,0.002012,0.00202,0.001662,0.0016719999999999999,1,66474
2014-09-01,0.0016719999999999999,0.0028829999999999997,0.001338,0.0028399999999999996,133,55270
2014-09-02,0.002837,0.0033810000000000003,0.001906,0.0033420000000000004,134,93816
2014-09-03,0.0033380000000000003,0.003597,0.0013460000000000002,0.003462,264,110411
2014-09-04,0.0034630000000000004,0.003508,0.0034,0.003423,0,114581
2014-09-05,0.003423,0.003672,0.002441,0.0036200000000000004,6,113268
2014-09-06,0.0036200000000000004,0.003635,0.003618,0.003632,0,119835
2014-09-07,0.001939,0.0034159999999999998,0.001939,0.0033759999999999997,131,64199
2014-09-08,0.0033729999999999997,0.006659999999999999,0.001641,0.005752,47,111684
2014-09-09,0.005756,0.005757,0.0039770000000000005,0.00404,68,190626
2014-09-10,0.0040420000000000005,0.004845,0.004039,0.00477,299,133897
2014-09-11,0.004772,0.006154,0.004053,0.006152,2126,158145
2014-09-12,0.00615,0.006179,0.00404,0.004061,176,203857
2014-09-13,0.004061,0.004213000000000001,0.004038,0.004184,250,134633
2014-09-14,0.004185,0.005164,0.004055,0.004062,9,138757
2014-09-15,0.004061,0.004954999999999999,0.003783,0.0037939999999999996,511,134661
2014-09-16,0.00379,0.0042439999999999995,0.003508,0.003515,816,125692
2014-09-17,0.003514,0.004816,0.0032020000000000004,0.003669,875,116556
2014-09-18,0.003665,0.004336,0.003041,0.004202,904,121574
2014-09-19,0.0041979999999999995,0.004235,0.003403,0.003411,0,139297
2014-09-20,0.0034100000000000003,0.003624,0.002712,0.002858,55,113148
2014-09-21,0.002853,0.003254,0.002552,0.002576,2,94671
2014-09-22,0.002578,0.004045,0.002565,0.004007,813,85596
2014-09-23,0.004007,0.004034,0.0033689999999999996,0.0037070000000000002,680,133071
2014-09-24,0.0037070000000000002,0.003718,0.003582,0.0037049999999999995,30,123144
2014-09-25,0.002925,0.002925,0.0028699999999999997,0.002915,1,97182
2014-09-26,0.002915,0.00305,0.002878,0.0030329999999999997,0,96895
2014-09-27,0.0030269999999999997,0.0033770000000000002,0.002993,0.0031079999999999997,1,100614
2014-09-28,0.003107,0.005519,0.0031,0.0035789999999999997,32,103306
2014-09-29,0.0035770000000000003,0.005342,0.002652,0.005243,403,118933
2014-09-30,0.005252000000000001,0.005307,0.0045969999999999995,0.0046630000000000005,2,174666
2014-10-01,0.0046689999999999995,0.009633,0.003646,0.009581999999999999,255,155311
2014-10-02,0.008867,0.150535,0.0033759999999999997,0.044253,3923,294995
2014-10-03,0.044265,0.044634,0.005632,0.008805,1065,1473480
2014-10-04,0.008814,0.016878999999999998,0.007169,0.007234999999999999,68,293528
2014-10-05,0.007236,0.008563,0.005287,0.008394,1298,241081
2014-10-06,0.00839,0.011763,0.007783,0.008904,31,279671
2014-10-07,0.008918,0.011795,0.008255,0.008791,1055,297343
2014-10-08,0.008789,0.01165,0.008529,0.008805,23,293078
2014-10-09,0.0088,0.012669,0.008685,0.01207,10,293512
2014-10-10,0.012059,0.012123,0.008849,0.009762,515,402253
2014-10-11,0.009757,0.009914,0.005699,0.006164,9,325520
2014-10-12,0.006169,0.008348000000000001,0.006057,0.008328,0,205873
2014-10-13,0.008314,0.008314,0.006712999999999999,0.007084999999999999,1,277520
2014-10-14,0.007108,0.007441,0.005721,0.007261,154,237286
2014-10-15,0.0072629999999999995,0.009887,0.007157999999999999,0.009858,1001,242515
2014-10-16,0.009852,0.009959,0.0032840000000000005,0.0057799999999999995,761,329003
2014-10-17,0.005783,0.010196,0.005631000000000001,0.01015,245,193156
2014-10-18,0.010156,0.010452,0.006318,0.010354,48,339236
2014-10-19,0.010348999999999999,0.011787,0.010283,0.010518000000000001,2400,345772
2014-10-20,0.010509000000000001,0.012752,0.009531999999999999,0.009571,1000,351207
2014-10-21,0.009559999999999999,0.012891,0.009267000000000001,0.009275,358,319555
2014-10-22,0.009267000000000001,0.010939,0.008895,0.010501,20,309807
2014-10-23,0.010496,0.010911,0.008579,0.00861,1130,350970
2014-10-24,0.008614,0.010454000000000001,0.008495,0.008692,853,288091
2014-10-25,0.008699,0.011483,0.008347,0.008683,507,291006
2014-10-26,0.008688,0.012164,0.008502,0.008692,930,290836
2014-10-27,0.008694,0.008966,0.00853,0.008545,319,291156
2014-10-28,0.008551000000000001,0.011347,0.008537999999999999,0.00894,1271,286456
2014-10-29,0.008927,0.009114,0.008383,0.008389,101,299148
2014-10-30,0.008392,0.010367,0.00838,0.008636,530,281310
2014-10-31,0.008629000000000001,0.010582,0.006745999999999999,0.00677,687,289345
2014-11-01,0.006776000000000001,0.0068319999999999995,0.006566,0.006783,269,227305
2014-11-02,0.006790000000000001,0.008860999999999999,0.006768000000000001,0.008799,427,227816
2014-11-03,0.008790000000000001,0.009018,0.006751999999999999,0.007209,588,295007
2014-11-04,0.007201000000000001,0.008032,0.006864,0.008013,403,241704
2014-11-05,0.008017,0.008412000000000001,0.007033,0.008317,396,269146
2014-11-06,0.008317,0.008417000000000001,0.007368,0.0076760000000000005,344,279260
2014-11-07,0.0076879999999999995,0.007916,0.007281,0.007894,325,258260
2014-11-08,0.007888,0.015853,0.007888,0.008301000000000001,340,265029
2014-11-09,0.008298,0.013614,0.007531,0.007629,514,278776
2014-11-10,0.007608,0.008038,0.006313,0.00799,136,255607
2014-11-11,0.007967,0.010289,0.007967,0.010287000000000001,91,267773
2014-11-12,0.010295,0.011579,0.006642,0.011414,108,346109
2014-11-13,0.011514,0.012319,0.010742,0.011267000000000001,0,387201
2014-11-14,0.011205,0.011228,0.006991,0.009898,54,376861
2014-11-15,0.009943,0.010295,0.006934,0.010152,193,334432
2014-11-16,0.010114,0.010551000000000001,0.00762,0.010431999999999999,40,340176
2014-11-17,0.010444,0.011034,0.008097,0.009302,217,351421
2014-11-18,0.009311,0.012535,0.007214,0.007639,119,313398
2014-11-19,0.007612000000000001,0.012102,0.007612000000000001,0.009181,2,256235
2014-11-20,0.009175,0.009217,0.008584,0.008586,0,308962
2014-11-21,0.010995999999999999,0.011042,0.010484,0.010525,6,370423
2014-11-22,0.010548,0.010904,0.006024,0.006028,153,355376
2014-11-23,0.006032,0.006716,0.006032,0.006657,4,203320
2014-11-24,0.006645,0.008906,0.0066370000000000005,0.008669,278,224057
2014-11-25,0.008668,0.010443000000000001,0.007428,0.009008,957,292352
2014-11-26,0.009023999999999999,0.009972,0.008106,0.009945,110,304465
2014-11-27,0.010001999999999999,0.01093,0.009965,0.010905,2,337546
2014-11-28,0.010896,0.010920000000000001,0.007886,0.008282,166,367813
2014-11-29,0.008275,0.008527,0.008223999999999999,0.008468999999999999,2,279392
2014-12-01,0.008364,0.008387,0.008013,0.008343000000000001,249,282490
2014-12-02,0.008343000000000001,0.008449,0.006951000000000001,0.006963,127,281808
2014-12-03,0.0069700000000000005,0.008356,0.006836,0.008249,6,235476
2014-12-04,0.008265,0.008993000000000001,0.008253,0.008904,85,279256
2014-12-05,0.0089,0.00948,0.008222,0.009420999999999999,407,300769
2014-12-06,0.009419,0.009755,0.009274,0.009744,10,318295
2014-12-07,0.009746,0.010138,0.009705,0.010128,86,329395
2014-12-08,0.010124,0.010153,0.009807,0.009807999999999999,363,342238
2014-12-09,0.009807,0.009839,0.008686,0.009623,532,331575
2014-12-10,0.009622,0.0098,0.008038,0.008836,1899,325373
2014-12-11,0.008785,0.010912,0.007811,0.010911,606,297176
2014-12-12,0.008839,0.010523000000000001,0.008783,0.010223999999999999,802,299116
2014-12-13,0.010218999999999999,0.010818000000000001,0.008681,0.010768999999999999,2251,345886
2014-12-14,0.010748,0.01113,0.009406,0.011076,57,363909
2014-12-15,0.011068000000000001,0.011201000000000001,0.009354000000000001,0.010702,1359,374799
2014-12-16,0.010712000000000001,0.012211,0.009332,0.010139,824,362797
2014-12-17,0.010131999999999999,0.01211,0.009791,0.009916,243,343213
2014-12-18,0.009917,0.011681,0.009564,0.010896,24,335949
2014-12-19,0.010888,0.010912,0.006543000000000001,0.006675,45,368985
2014-12-20,0.006670000000000001,0.006922,0.0066370000000000005,0.006867,46,226069
2014-12-25,0.006755,0.009555,0.006666,0.0070209999999999995,3,229232
2014-12-26,0.007025,0.009926,0.006481000000000001,0.007542,41,238444
2014-12-27,0.007534000000000001,0.0098,0.006337,0.006403,31,255820
2014-12-28,0.006409000000000001,0.007361,0.006327,0.006792,173,217651
2014-12-29,0.006802,0.006856999999999999,0.006312,0.006319,87,231070
2014-12-30,0.00632,0.006357,0.006243,0.006255,852,214748
2014-12-31,0.006259000000000001,0.006445,0.0062450000000000006,0.006445,0,212714
2015-01-01,0.00645,0.00645,0.006383,0.0063880000000000004,0,219253
2015-01-02,0.006319,0.006358,0.006312,0.006342,19,214824
2015-01-03,0.006338,0.006344,0.005658,0.005658,11,215482
2015-01-04,0.005659,0.005762,0.005023,0.005152,22,192453
2015-01-05,0.005169,0.005397,0.0026079999999999996,0.002882,90,175829
2015-01-06,0.0028829999999999997,0.003022,0.002863,0.003008,10,98098
2015-01-07,0.003007,0.003851,0.002975,0.0038350000000000003,8,102311
2015-01-08,0.003833,0.006924,0.003739,0.006744,6,130572
2015-01-09,0.0067209999999999995,0.006929,0.004531,0.006848999999999999,16,228990
2015-01-10,0.006912000000000001,0.006912000000000001,0.004703,0.004707,1,235536
2015-01-11,0.004704,0.006431999999999999,0.004695,0.004793,22,160337
2015-01-12,0.004801,0.004908,0.004784,0.0048200000000000005,7,163695
2015-01-13,0.0048130000000000004,0.048454000000000004,0.003407,0.025068,14186,164126
2015-01-14,0.013444999999999999,0.034842000000000005,0.013013999999999998,0.023153,7276,458802
2015-01-15,0.022997,0.027275,0.006571,0.019599000000000002,377,785222
2015-01-16,0.019527000000000003,0.020368,0.010603,0.016646,170,666838
2015-01-17,0.016625,0.01789,0.009979,0.010961,113,567783
2015-01-18,0.011005,0.015090000000000001,0.010709,0.014724000000000001,254,375874
2015-01-19,0.014803,0.015041999999999998,0.010884999999999999,0.011173,99,505650
2015-01-20,0.011071,0.011192,0.009022,0.009509,126,378170
2015-01-21,0.009512,0.016464,0.006718000000000001,0.012320000000000001,650,324946
2015-01-22,0.012343999999999999,0.016381,0.009543000000000001,0.009934,95,421720
2015-01-23,0.009937999999999999,0.014091,0.009584,0.011646,219,339581
2015-01-24,0.011637,0.016876,0.010814,0.016850999999999998,259,397679
2015-01-25,0.016817,0.017332,0.010734,0.017240000000000002,356,574796
2015-01-26,0.017265,0.020992,0.011531999999999999,0.011759,1007,590132
2015-01-27,0.011746,0.016891999999999997,0.011004,0.016728,129,401583
2015-01-28,0.01672,0.016922,0.009770000000000001,0.010065000000000001,22,571736
2015-01-29,0.010041,0.015041999999999998,0.009491,0.010043,493,343432
2015-01-30,0.010011,0.014783000000000001,0.009922,0.010529,27,342503
2015-01-31,0.01053,0.014571,0.009085,0.009133,777,360302
2015-02-01,0.009108,0.009198,0.007166,0.007946,7,311727
2015-02-02,0.007929,0.011382,0.007804000000000001,0.011208,16,271432
2015-02-03,0.011197,0.011559999999999999,0.009431,0.009542,11,383330
2015-02-04,0.009548000000000001,0.010548,0.009289,0.009509,263,326895
2015-02-05,0.009509,0.010062999999999999,0.009029,0.00933,95,325677
2015-02-06,0.009336,0.009693,0.009093,0.009345000000000001,16,319816
2015-02-07,0.009346,0.009684,0.009346,0.009576000000000001,198,320406
2015-02-08,0.009574,0.009789,0.00913,0.009226999999999999,82,328273
2015-02-09,0.009226999999999999,0.00925,0.008962999999999999,0.009079,59,313808
2015-02-10,0.009091,0.009409,0.007718000000000001,0.007858,89,311770
2015-02-11,0.00785,0.007978,0.007784999999999999,0.007818,129,269293
2015-02-12,0.007825,0.009834,0.007773,0.007918000000000001,330,268515
2015-02-13,0.007923999999999999,0.008584,0.007906,0.008414,111,271956
2015-02-14,0.008412000000000001,0.010768999999999999,0.008412000000000001,0.009212,11,288910
2015-02-15,0.009197,0.009669,0.008145999999999999,0.00835,24,315950
2015-02-16,0.00839,0.009403,0.008183,0.00835,28,288301
2015-02-17,0.008355,0.008782,0.008301000000000001,0.008699,159,287138
2015-02-18,0.008704,0.008727,0.008302,0.008440000000000001,0,299190
2015-02-19,0.008444,0.008662999999999999,0.008418,0.008593,122,290282
2015-02-20,0.008578,0.008822,0.008543,0.008714,0,294931
2015-02-21,0.008703,0.008796,0.007789,0.00782,34,299250
2015-02-22,0.007825,0.00851,0.007506999999999999,0.008499,2,269143
2015-02-23,0.008493,0.00854,0.00744,0.007638,235,292149
2015-02-24,0.007645,0.007677,0.0075650000000000005,0.007640999999999999,47,263019
2015-02-25,0.007640000000000001,0.007659,0.007537,0.0075959999999999995,60,262883
2015-02-26,0.007599,0.007606999999999999,0.007495999999999999,0.00757,13,261537
2015-02-27,0.007566,0.008213,0.007527,0.007624,12,260421
2015-02-28,0.007622,0.007648,0.007492,0.0076359999999999996,32,262412
2015-03-01,0.0076359999999999996,0.00837,0.007384999999999999,0.008329000000000001,254,262920
2015-03-02,0.008324,0.008436,0.007770999999999999,0.008268000000000001,12,286704
2015-03-03,0.00827,0.008385,0.007115000000000001,0.007325,509,284896
2015-03-04,0.007324,0.007390000000000001,0.006971,0.007109999999999999,27,252347
2015-03-05,0.0071,0.0073230000000000005,0.006884,0.007175,44,244671
2015-03-06,0.007181,0.007220999999999999,0.00702,0.007088,72,247505
2015-03-07,0.007091,0.007111,0.007023000000000001,0.0071010000000000005,72,244465
2015-04-29,0.011261,0.011304999999999999,0.005059,0.005074,0,393464
2015-04-30,0.005069,0.006333,0.005051,0.006332,77,177133
2015-05-01,0.006332,0.011612,0.005435,0.005442,357,221247
2015-05-02,0.005442,0.011868,0.005071,0.011868,3623,190152
2015-05-03,0.011868,0.01187,0.00515,0.01179,1561,414687
2015-05-04,0.01179,0.01188,0.00513,0.010879999999999999,4248,411962
2015-05-05,0.010879999999999999,0.010879999999999999,0.0061,0.01085,3430,380165
2015-05-06,0.01085,0.01085,0.00701,0.010787,1473,379117
2015-05-07,0.010787,0.010787999999999999,0.002427,0.007,565,376926
2015-05-08,0.007,0.02,0.007,0.02,2500,245248
2015-05-09,0.02,0.02,0.006697,0.010331,954,700947
2015-05-10,0.010331,0.010331,0.006693999999999999,0.01,1080,362218
2015-05-11,0.01,0.01,0.0066,0.00997,559,350720
2015-05-12,0.00997,0.00997,0.0067,0.00993,666,349725
2015-05-13,0.00993,0.00999,0.00671,0.0085,184,348361
2015-05-14,0.0085,0.0095,0.007090000000000001,0.0077,75,298220
2015-05-15,0.0077,0.00949,0.0077,0.008634999999999999,184,270173
2015-05-16,0.008634999999999999,0.008865999999999999,0.007405,0.008865999999999999,134,303016
2015-05-17,0.008865999999999999,0.00899,0.008,0.00899,16,311192
2015-05-18,0.00899,0.00946,0.00899,0.00946,139,315635
2015-05-19,0.00946,0.00946,0.0085,0.0085,6,332210
2015-05-20,0.0085,0.009,0.0085,0.009,803,298515
2015-05-21,0.009,0.0094,0.0086,0.0094,460,316103
2015-05-22,0.0094,0.0094,0.009,0.009,136,330186
2015-05-23,0.009,0.009208,0.008858,0.008959,255,316336
2015-05-24,0.008958,0.0093,0.00851,0.0093,699,314905
2015-05-25,0.0093,0.0093,0.00851,0.0093,112,326949
2015-05-26,0.0093,0.0093,0.008515,0.008516,131,326973
2015-05-27,0.008516,0.009340000000000001,0.008515,0.0093,3169,299426
2015-05-28,0.0093,0.00933,0.00852,0.00853,4030,327057
2015-05-29,0.00853,0.00941,0.008308,0.008437,4208,300029
2015-05-30,0.008437,0.009427,0.007908,0.008089,1274,296840
2015-05-31,0.008087,0.009458,0.0072629999999999995,0.009438,1408,284562
2015-06-01,0.009441,0.009467,0.008803,0.009236,1519,332259
2015-06-02,0.009236,0.009531999999999999,0.008343999999999999,0.008754999999999999,409,325102
2015-06-03,0.008754999999999999,0.009283,0.0070090000000000005,0.009283,777,308200
2015-06-04,0.009283,0.016631,0.008579,0.010249,6521,326819
2015-06-05,0.010249,0.017038,0.00921,0.016819999999999998,17545,360892
2015-06-06,0.016818,0.019094999999999997,0.00877,0.011714,1543,592564
2015-06-07,0.011714,0.012006000000000001,0.009196,0.009355,294,412819
2015-06-08,0.009343,0.011043,0.009342,0.009491,33,329575
2015-06-09,0.009491,0.013484999999999999,0.009021,0.012842,2098,335096
2015-06-10,0.012838999999999998,0.013247,0.010895,0.011262000000000001,509,453580
2015-06-11,0.011261,0.012227,0.009414,0.012226,701,397969
2015-06-12,0.012226,0.012273000000000001,0.009594,0.010116,1354,432249
2015-06-13,0.010112999999999999,0.010533,0.009703,0.009809,465,357602
2015-06-14,0.009812000000000001,0.012831,0.009812000000000001,0.01228,288,347087
2015-06-15,0.01228,0.013668000000000001,0.012084000000000001,0.012097,1011,434441
2015-06-16,0.012095999999999999,0.012805,0.010829,0.012805,363,427953
2015-06-17,0.012819,0.014818000000000001,0.011475,0.012126999999999999,90,453654
2015-06-18,0.012133,0.015059000000000001,0.011947,0.013696999999999999,7054,429515
2015-06-19,0.013702,0.01518,0.011899,0.0151,110,485186
2015-06-20,0.015105,0.015105,0.012324,0.014348,2805,535009
2015-06-21,0.014348,0.017272,0.012478,0.014497,1426,508254
2015-06-22,0.014497,0.016232,0.013206,0.014412000000000001,306,513803
2015-06-23,0.014412000000000001,0.015336,0.0117,0.014299000000000001,204,510974
2015-06-24,0.014297,0.015055,0.014195,0.014480000000000002,132,507061
2015-06-25,0.014478999999999999,0.015172999999999999,0.013661000000000001,0.014268000000000001,1718,513609
2015-06-26,0.014271,0.014925999999999998,0.013341999999999998,0.014921,480,506306
2015-06-27,0.014921,0.01709,0.014906,0.017049,2255,529427
2015-06-28,0.017048,0.017048,0.015775,0.016383,5498,604955
2015-06-29,0.016384,0.017458,0.013493999999999999,0.015456999999999999,3770,581552
2015-06-30,0.015458000000000001,0.017342,0.0146,0.014933000000000002,495,548754
2015-07-01,0.014931,0.090784,0.013569999999999999,0.015964,13555,530128
2015-07-02,0.015962999999999998,0.017148,0.014538999999999998,0.016819,2031,566839
2015-07-03,0.016815,0.01741,0.012255,0.016468,761,597154
2015-07-04,0.016472999999999998,0.016614,0.015461,0.015652000000000003,826,585130
2015-07-05,0.01565,0.017608000000000002,0.015415,0.015472999999999999,595,555971
2015-07-06,0.015477000000000001,0.016304,0.012693000000000001,0.016087,838,549913
2015-07-07,0.016086000000000003,0.017371,0.014286000000000002,0.016730000000000002,319,571682
2015-07-08,0.016715999999999998,0.017286000000000003,0.014406,0.014509999999999999,455,594147
2015-07-09,0.014515,0.015971,0.012830000000000001,0.012931,145,516046
2015-07-10,0.012922,0.017054,0.012763,0.01291,763,459537
2015-07-11,0.012909,0.016333,0.0129,0.015707,882,459257
2015-07-12,0.015707,0.018563999999999997,0.0157,0.016261,152,558950
2015-07-13,0.016258,0.017601,0.016132,0.017179,404,578688
2015-07-14,0.017179,0.017209000000000002,0.013019,0.013019,168,611688
2015-07-15,0.013013,0.015394,0.013013,0.014775,796,463538
2015-07-16,0.014777,0.017567,0.011507,0.016228,632,526568
2015-07-17,0.016228,0.017083,0.012901,0.015118000000000001,745,578458
2015-07-18,0.015116999999999998,0.015122,0.010098000000000001,0.010124,154,538993
2015-07-19,0.01012,0.015699,0.01011,0.012733,328,360951
2015-07-20,0.012736,0.01521,0.008598999999999999,0.01521,1207,454466
2015-07-21,0.015224000000000001,0.015352000000000001,0.014833,0.014854,291,543362
2015-07-22,0.014844,0.014962999999999999,0.013940000000000001,0.014962999999999999,552,529939
2015-07-23,0.014962,0.015568,0.011212,0.011218,67,534314
2015-07-24,0.011218,0.066334,0.009079,0.009108,340,400703
2015-07-25,0.009105,0.014033000000000002,0.007774,0.013991,498,325281
2015-07-26,0.01399,0.014625,0.010627,0.011144,64,499895
2015-07-27,0.011145,0.013687000000000001,0.010954,0.013622,447,398333
2015-07-28,0.013621000000000001,0.014650999999999999,0.01264,0.013018,434,486884
2015-07-29,0.013019,0.013022,0.011221,0.011244,176,465407
2015-07-30,0.011244,0.013625,0.011155,0.012943000000000001,194,402018
2015-07-31,0.012938999999999999,0.013397,0.011947,0.011947,248,462653
2015-08-01,0.011951,0.013833000000000002,0.010898999999999999,0.011126,394,427365
2015-08-02,0.011116,0.014232,0.009720999999999999,0.014216999999999999,364,397510
2015-08-03,0.014216999999999999,0.014272,0.009751000000000001,0.009751000000000001,117,508452
2015-08-04,0.009741,0.011574,0.008514,0.011574,262,348420
2015-08-05,0.011571,0.013055,0.010511,0.013026,368,413940
2015-08-06,0.013026,0.015077000000000002,0.010773999999999999,0.014457,501,466100
2015-08-07,0.014452000000000001,0.015506,0.011521,0.015503999999999999,407,517266
2015-08-08,0.015512,0.0173,0.013568,0.016030000000000003,447,555278
2015-08-09,0.016031,0.016495,0.01245,0.015244999999999998,362,573958
2015-08-10,0.015248,0.017279,0.014168,0.016232,1058,545998
2015-08-11,0.01403,0.016191,0.010971,0.015859,327,502456
2015-08-12,0.015859,0.018927,0.015444,0.015763,352,568169
2015-08-13,0.015763,0.016832,0.009909000000000001,0.016804,531,564849
2015-08-14,0.016811000000000003,0.017217,0.016556,0.016557,27,602479
2015-08-15,0.016555,0.016574000000000002,0.010348999999999999,0.015634000000000002,15,593410
2015-08-16,0.015636,0.015650999999999998,0.013916999999999999,0.014961000000000002,198,560539
2015-08-17,0.01496,0.015011000000000002,0.010424,0.010424,1794,536433
2015-08-18,0.010425,0.014203,0.008865999999999999,0.008865999999999999,192,373855
2015-08-19,0.008805,0.014986000000000001,0.008805,0.014966,183,315890
2015-08-20,0.014965000000000001,0.018036,0.012695,0.018035,530,537026
2015-08-21,0.018034,0.018035,0.009723,0.009736,148,647407
2015-08-22,0.009734,0.010502,0.009709,0.010029999999999999,258,349562
2015-08-23,0.010029000000000001,0.011987000000000001,0.008898999999999999,0.009915,454,360270
2015-08-24,0.009909999999999999,0.01287,0.009251,0.012595,302,356381
2015-08-25,0.012548,0.014184,0.011528,0.012669,302,451455
2015-08-26,0.012667,0.014433000000000001,0.012612,0.014406,279,455861
2015-08-27,0.014406,0.014415,0.011531999999999999,0.011568,13,518579
2015-08-28,0.011576999999999999,0.014717,0.009511,0.010065000000000001,728,416783
2015-08-29,0.010065000000000001,0.012972,0.010062999999999999,0.012958,403,362371
2015-08-30,0.012958,0.013865,0.011082999999999999,0.013863999999999998,314,466570
2015-08-31,0.013872999999999998,0.014971,0.012481,0.014931999999999999,270,499573
2015-09-01,0.014928,0.015265,0.012218999999999999,0.015038,1002,537757
2015-09-02,0.015041999999999998,0.015152,0.013047999999999999,0.014908000000000001,229,541980
2015-09-03,0.01491,0.01931,0.0134,0.015824,1598,537365
2015-09-04,0.015824,0.023462,0.015388999999999998,0.019007,60,570440
2015-09-05,0.019006,0.022244999999999997,0.014403999999999998,0.017626,635,685241
2015-09-06,0.017624,0.020069999999999998,0.017366,0.020019,410,635519
2015-09-07,0.020013999999999997,0.020457,0.015280000000000002,0.017587000000000002,286,721764
2015-09-08,0.017578,0.01784,0.015481,0.015965,175,634026
2015-09-09,0.015964,0.018958000000000003,0.015867,0.017147,590,575908
2015-09-10,0.017151,0.023287000000000002,0.01665,0.020776,345,618740
2015-09-11,0.020766999999999997,0.020834000000000002,0.019541,0.019947,451,749252
2015-09-12,0.019941999999999998,0.020861,0.019089,0.020727000000000002,25,719545
2015-09-13,0.020731,0.020793,0.019316999999999997,0.020123,1038,748056
2015-09-14,0.020103,0.023454,0.019116,0.023424,1021,725463
2015-09-15,0.023423,0.023481000000000002,0.018139,0.018456,1474,845380
2015-09-16,0.018453999999999998,0.022546,0.018305000000000002,0.020391,422,666126
2015-09-17,0.020393,0.02046,0.019788999999999998,0.019944999999999997,1048,736184
2015-09-18,0.019944999999999997,0.046778,0.019944999999999997,0.046605,115,720080
2015-09-19,0.046595,0.046641,0.028064999999999996,0.029619,663,1682460
2015-09-20,0.030288,0.030376999999999998,0.025516,0.027198000000000003,641,1093800
2015-09-21,0.027250999999999997,0.030605,0.022276,0.024716,484,984245
2015-09-22,0.024732,0.029383,0.020965,0.022284,599,893399
2015-09-23,0.022287,0.031032999999999998,0.022287,0.03009,4047,805208
2015-09-24,0.030088999999999998,0.030417000000000003,0.023679,0.029294999999999998,718,1087260
2015-09-25,0.029294,0.042059,0.025387,0.03812,942,1058690
2015-09-26,0.038116000000000004,0.045099,0.022815000000000002,0.034645999999999996,1345,1377540
2015-09-27,0.03464,0.035539,0.024387,0.027623,1228,1252460
2015-09-28,0.027624,0.0376,0.027551,0.036821,597,999081
2015-09-29,0.021516,0.04937,0.021516,0.035068,4830,778305
2015-09-30,0.035897000000000005,0.040498,0.027764999999999998,0.031883999999999996,1365,1298760
2015-10-01,0.034932,0.042217000000000005,0.031829,0.034065,747,1264080
2015-10-02,0.034063,0.0414,0.032992,0.033856,458,1232800
2015-10-03,0.033852999999999994,0.040284,0.032767000000000004,0.034291,819,1225220
2015-10-04,0.034285,0.038232999999999996,0.030357,0.030479000000000003,429,1240840
2015-10-05,0.030482,0.036693,0.029252999999999998,0.035351,532,1103220
2015-10-06,0.035429,0.039385,0.032054,0.036608,1019,1282240
2015-10-07,0.036463999999999996,0.03979,0.033679,0.036663999999999995,813,1321140
2015-10-08,0.037081,0.039747000000000005,0.031166000000000003,0.031202999999999998,807,1343720
2015-10-09,0.031673,0.036345,0.029058999999999998,0.030761,1105,1147920
2015-10-10,0.030766,0.032228,0.026813999999999998,0.029018000000000002,259,1115230
2015-10-11,0.029018000000000002,0.040284,0.027870999999999996,0.035278,2133,1052010
2015-10-12,0.035269,0.036766,0.030907,0.030910000000000003,500,1278770
2015-10-13,0.030910000000000003,0.034376,0.030466000000000003,0.03159,684,1120900
2015-10-14,0.031604,0.037845,0.031594,0.037791000000000005,394,1146270
2015-10-15,0.037785,0.038155,0.029276999999999997,0.02928,1706,1370650
2015-10-16,0.03211,0.034165,0.028326,0.031902,1364,1165030
2015-10-17,0.031925,0.035795999999999994,0.022946,0.029965,3736,1158530
2015-10-18,0.029922000000000004,0.030010000000000002,0.021615000000000002,0.021734,630,1086040
2015-10-19,0.021731999999999998,0.034399,0.021118,0.029862,1991,788913
2015-10-20,0.029858999999999997,0.035118,0.024872,0.033539,1140,1084110
2015-10-21,0.033539,0.033552,0.02891,0.029869999999999997,97,1217950
2015-10-22,0.029869,0.032751999999999996,0.02816,0.02816,322,1084860
2015-10-23,0.028165,0.033658999999999994,0.027088,0.033571,1840,1023190
2015-10-24,0.033569,0.033569,0.025416,0.029582,890,1219640
2015-10-25,0.029581,0.033306999999999996,0.028911000000000003,0.029708999999999996,790,1074760
2015-10-26,0.029735,0.029762,0.028350999999999998,0.029269,1775,1080380
2015-10-27,0.029269999999999997,0.043384,0.029044,0.035708,4525,1063910
2015-10-28,0.035713,0.044726999999999996,0.035701,0.041434,4560,1298290
2015-10-29,0.041404,0.052248,0.037392,0.037558999999999995,3563,1505560
2015-10-30,0.038054000000000004,0.044547,0.036414999999999996,0.037099,1277,1384690
2015-10-31,0.037131,0.048945999999999996,0.037131,0.043107,1458,1351310
2015-11-01,0.043119,0.045989,0.041493,0.043486000000000004,1572,1569350
2015-11-02,0.043459,0.044592,0.040849,0.043160000000000004,291,1581730
2015-11-03,0.043194,0.048376,0.038987,0.040636,1260,1572100
2015-11-04,0.040854,0.049812,0.040854,0.045049,1635,1486910
2015-11-05,0.045165,0.059083000000000004,0.038019,0.050392,5304,1645120
2015-11-06,0.050225,0.053262000000000004,0.04347,0.048392000000000004,59,1829870
2015-11-07,0.048451,0.05549199999999999,0.046168,0.046191,56,1765470
2015-11-08,0.046138,0.051447,0.043569,0.049647000000000004,17,1681490
2015-11-09,0.049763,0.053480999999999994,0.044289999999999996,0.045704,825,1813880
2015-11-10,0.045574,0.05399299999999999,0.042083999999999996,0.044425,485,1661430
2015-11-11,0.04444,0.061817,0.0388,0.039464,4351,1620290
2015-11-12,0.039475,0.05005,0.039475,0.044042000000000005,139,1439420
2015-11-13,0.043951,0.046908,0.03977,0.042173,39,1602860
2015-11-14,0.042236,0.052711,0.041643,0.048736,264,1540500
2015-11-15,0.048738,0.050268,0.047281000000000004,0.050227,435,1777880
2015-11-16,0.050227,0.050227,0.04775,0.047882999999999995,558,1832580
2015-11-17,0.047886,0.048991,0.045244,0.045926999999999996,2083,1747570
2015-11-18,0.045933999999999996,0.050005,0.045755000000000004,0.047363999999999996,913,1676700
2015-11-19,0.047383999999999996,0.048583,0.046069,0.04675,887,1730140
2015-11-20,0.046758999999999995,0.04679,0.044055000000000004,0.04584,979,1707650
2015-11-21,0.045828,0.047238999999999996,0.045144,0.046777,1704,1673900
2015-11-22,0.047147,0.047304,0.045387000000000004,0.04717,741,1722360
2015-11-23,0.047191000000000004,0.047192000000000005,0.038631,0.045131,1133,1724170
2015-11-24,0.045134,0.046388,0.043127,0.043214999999999996,922,1649040
2015-11-25,0.043216000000000004,0.046245999999999995,0.042388999999999996,0.042404000000000004,1771,1578950
2015-11-26,0.042385,0.047951,0.042385,0.045387000000000004,1246,1548610
2015-11-27,0.045222000000000005,0.04684,0.044608999999999996,0.045926,1688,1653420
2015-11-28,0.045905,0.046993,0.045183999999999995,0.046557999999999995,1203,1678410
2015-11-29,0.046912999999999996,0.049622,0.04564,0.049046,1232,1715240
2015-11-30,0.049612,0.051104000000000004,0.038861,0.044208,3188,1814510
2015-12-01,0.044206999999999996,0.048672,0.040497000000000005,0.04805,2579,1617150
2015-12-02,0.048061,0.049141000000000004,0.040172,0.045774,4730,1758150
2015-12-03,0.046435000000000004,0.050017,0.045919,0.048234,2722,1698650
2015-12-04,0.048224,0.048813,0.046508,0.047336,1616,1764100
2015-12-05,0.047346,0.0488,0.046756,0.04821,1046,1731980
2015-12-06,0.048217,0.053007000000000006,0.048107,0.050453,1492,1766170
2015-12-07,0.049791,0.055412,0.048607,0.051942999999999996,3239,1824180
2015-12-08,0.051927,0.053709,0.048607,0.053709,1298,1902670
2015-12-09,0.053785,0.055524000000000004,0.050345999999999995,0.052457000000000004,3395,1970960
2015-12-10,0.052487,0.057418,0.052487,0.054645000000000006,1881,1923700
2015-12-11,0.054629,0.058067999999999995,0.053177999999999996,0.055389999999999995,1625,2002450
2015-12-12,0.055472,0.057203,0.052503999999999995,0.05574400000000001,1875,2033580
2015-12-13,0.05566,0.05719199999999999,0.054013,0.055886,795,2040810
2015-12-14,0.05583099999999999,0.059855,0.055342999999999996,0.056720000000000007,1566,2047460
2015-12-15,0.056563,0.062703,0.056563,0.060457000000000004,3606,2074790
2015-12-16,0.060621,0.064075,0.058306,0.062084,1379,2223980
2015-12-17,0.06243200000000001,0.06243200000000001,0.058538,0.060059,2098,2290520
2015-12-18,0.059737,0.061457000000000005,0.058452,0.058452,1908,2192300
2015-12-19,0.058448,0.067125,0.058448,0.064387,5431,2145210
2015-12-20,0.064411,0.07298400000000001,0.060002,0.066772,6159,2364500
2015-12-21,0.066175,0.069087,0.060702,0.068678,2225,2429640
2015-12-22,0.068635,0.069484,0.06113,0.066367,2488,2520410
2015-12-23,0.066304,0.087535,0.063183,0.075864,8629,2435290
2015-12-24,0.07591,0.094545,0.068264,0.069967,2770,2788550
2015-12-25,0.06995599999999999,0.07351,0.067064,0.069823,3861,2570270
2015-12-26,0.06983500000000001,0.06983500000000001,0.06438200000000001,0.065388,1949,2566160
2015-12-27,0.065343,0.069351,0.064398,0.06793300000000001,5542,2401540
2015-12-28,0.068021,0.074572,0.066449,0.071255,3547,2500340
2015-12-29,0.071199,0.075044,0.065724,0.074201,3094,2617560
2015-12-30,0.074887,0.081276,0.070417,0.077537,1441,2753440
2015-12-31,0.076741,0.079696,0.073728,0.077414,2699,2822360
2016-01-01,0.07646499999999999,0.080097,0.076424,0.077721,1244,2812830
2016-01-02,0.077785,0.082249,0.072499,0.08003500000000001,3709,2862200
2016-01-03,0.07963200000000001,0.080242,0.070151,0.074146,5282,2930560
2016-01-04,0.073229,0.084191,0.070823,0.084188,10041,2695410
2016-01-05,0.083467,0.126377,0.080152,0.125801,31784,3072780
2016-01-06,0.12629100000000001,0.311717,0.102747,0.171015,51441,4649880
2016-01-07,0.16477999999999998,0.180147,0.101201,0.136107,12985,6068490
2016-01-08,0.135965,0.13610999999999998,0.09777899999999999,0.118816,12127,5008410
2016-01-09,0.11879300000000001,0.184469,0.10515799999999999,0.150777,10035,4377470
2016-01-10,0.150781,0.169682,0.120117,0.162965,15718,5557390
2016-01-11,0.16304000000000002,0.166025,0.136981,0.15338800000000002,9712,6010120
2016-01-12,0.153766,0.182861,0.15141500000000002,0.156833,24717,5671050
2016-01-13,0.163543,0.187178,0.163543,0.186184,13650,6032410
2016-01-14,0.186187,0.32101999999999997,0.164913,0.291407,62784,6868570
2016-01-15,0.29420100000000005,0.325786,0.23091,0.253197,47871,10856200
2016-01-16,0.245968,0.270242,0.21349,0.25089,20244,9079210
2016-01-17,0.24569000000000002,0.250637,0.20691199999999998,0.209972,18179,9072100
2016-01-18,0.212439,0.21652800000000003,0.184221,0.1913,22349,7846030
2016-01-19,0.190437,0.20665300000000003,0.171484,0.178715,6902,7034670
2016-01-20,0.178538,0.185279,0.138672,0.148893,20455,6595300
2016-01-21,0.14843900000000002,0.167005,0.14256,0.16034,11738,5483430
2016-01-22,0.155366,0.155366,0.117246,0.12723800000000002,12057,5739320
2016-01-23,0.12733,0.137679,0.104298,0.131167,12603,4703650
2016-01-24,0.131088,0.148488,0.12294000000000001,0.127422,7901,4842470
2016-01-25,0.131113,0.16274,0.119655,0.159024,12336,4843390
2016-01-26,0.15925899999999998,0.26312199999999997,0.158644,0.230132,31540,5883130
2016-01-27,0.229546,0.25250300000000003,0.208352,0.226969,27300,8479570
2016-01-28,0.227225,0.253629,0.2006,0.240156,25297,8393830
2016-01-29,0.24014499999999997,0.249991,0.208154,0.24539499999999997,23651,8871100
2016-01-30,0.24734,0.254828,0.22594299999999998,0.250533,29780,9136890
2016-01-31,0.250525,0.258228,0.239467,0.239914,19274,9254550
2016-02-01,0.23981999999999998,0.24695300000000003,0.138237,0.187454,28689,8859100
2016-02-02,0.187497,0.187497,0.145171,0.177896,9602,6926250
2016-02-03,0.177262,0.22161599999999998,0.172101,0.195025,9677,6548170
2016-02-04,0.195022,0.21120799999999998,0.190663,0.201597,12676,7204230
2016-02-05,0.201397,0.20529499999999998,0.190856,0.197776,9333,7439730
2016-02-06,0.197658,0.19867,0.188566,0.19867,5562,7301610
2016-02-07,0.198686,0.200567,0.183884,0.194029,8920,7339580
2016-02-08,0.197381,0.19960799999999998,0.178317,0.190898,7730,7291380
2016-02-09,0.192172,0.20717199999999997,0.179593,0.193674,21266,7098950
2016-02-10,0.192396,0.203453,0.185924,0.19759000000000002,9002,7107230
2016-02-11,0.19969,0.20985900000000002,0.18770599999999998,0.202798,21053,7376670
2016-02-12,0.202828,0.250026,0.19997,0.231181,23502,7492590
2016-02-13,0.231227,0.24824200000000002,0.214087,0.22041599999999997,3997,8541670
2016-02-14,0.22096300000000002,0.23905900000000002,0.21991100000000002,0.222789,5717,8162510
2016-02-15,0.222827,0.2438,0.186799,0.239898,16500,8231370
2016-02-16,0.23980300000000002,0.253758,0.22904000000000002,0.24650500000000003,13687,8858470
2016-02-17,0.246486,0.27162600000000003,0.236954,0.26493,12166,9105340
2016-02-18,0.264937,0.271739,0.23556999999999997,0.246831,9194,9786940
2016-02-19,0.24686999999999998,0.253892,0.223271,0.242348,10222,9119530
2016-02-20,0.24234299999999998,0.250101,0.22915300000000002,0.245517,14154,8952300
2016-02-21,0.24501599999999998,0.24853699999999998,0.235382,0.242287,9545,9051040
2016-02-22,0.242333,0.243319,0.23263499999999998,0.23567800000000003,7157,8951930
2016-02-23,0.23686100000000002,0.241035,0.218631,0.23086199999999998,8760,8749790
2016-02-24,0.23100700000000002,0.239965,0.22301300000000002,0.232381,6274,8533540
2016-02-25,0.23233099999999998,0.23564699999999997,0.225708,0.22574,6946,8582450
2016-02-26,0.225731,0.22786599999999999,0.209777,0.211038,7975,8391280
2016-02-27,0.211436,0.22971399999999997,0.201907,0.216836,10135,7862550
2016-02-28,0.21585700000000002,0.219642,0.20030599999999998,0.21624699999999997,7467,8028510
2016-02-29,0.21623,0.228793,0.20519600000000002,0.207738,10567,8043880
2016-03-01,0.207573,0.21975999999999998,0.19833299999999998,0.21015100000000003,10686,7722570
2016-03-02,0.21015799999999998,0.21959800000000002,0.18040599999999998,0.19603299999999999,12864,7819430
2016-03-03,0.19606800000000002,0.20956999999999998,0.18504500000000002,0.192902,8365,7295820
2016-03-04,0.192945,0.20728200000000002,0.184378,0.193549,9401,7180290
2016-03-05,0.194236,0.19860999999999998,0.167817,0.183659,10629,7228740
2016-03-06,0.18356,0.200267,0.175469,0.20016099999999998,14909,6832000
2016-03-07,0.19834100000000002,0.203713,0.18703,0.201196,10277,7382850
2016-03-08,0.201119,0.22740100000000002,0.192775,0.21382600000000002,17285,7491390
2016-03-09,0.213835,0.22927899999999998,0.199848,0.216083,17283,7966310
2016-03-10,0.21611100000000003,0.21901500000000002,0.209538,0.212339,16063,8052280
2016-03-11,0.212342,0.27324,0.212342,0.237571,23291,7912310
2016-03-12,0.236828,0.26360500000000003,0.21936999999999998,0.23420300000000002,15159,8825650
2016-03-13,0.234119,0.24211100000000002,0.21416,0.216096,17068,8725720
2016-03-14,0.21608200000000002,0.23454699999999998,0.20163399999999998,0.22214,12193,8054160
2016-03-15,0.22216799999999998,0.24094400000000002,0.218315,0.22417800000000002,11748,8283580
2016-03-16,0.22847699999999999,0.231258,0.216069,0.220835,16860,8520060
2016-03-17,0.220809,0.240706,0.21535,0.22482199999999997,11511,8235110
2016-03-18,0.224809,0.23041,0.203756,0.223431,11363,8386370
2016-03-19,0.22182,0.251724,0.21183400000000002,0.219354,12412,8276300
2016-03-20,0.219329,0.245833,0.187833,0.217275,25940,8183960
2016-03-21,0.21561100000000002,0.222942,0.177549,0.19985,14442,8045990
2016-03-22,0.200214,0.205659,0.189776,0.193497,10947,7473140
2016-03-23,0.193499,0.20999600000000002,0.182543,0.195253,13287,7224280
2016-03-24,0.193219,0.24968800000000002,0.193219,0.248725,17834,7215160
2016-03-25,0.24861599999999998,0.248676,0.21552800000000003,0.23491599999999999,15139,9284610
2016-03-26,0.234594,0.425649,0.217575,0.373273,108521,8762190
2016-03-27,0.370017,0.419382,0.31269600000000003,0.32859499999999997,32764,13823300
2016-03-28,0.32856799999999997,0.34341700000000003,0.30807199999999996,0.32259099999999996,52431,12278000
2016-03-29,0.322676,0.340194,0.316361,0.33313000000000004,20230,12059600
2016-03-30,0.330042,0.33605300000000005,0.324361,0.332714,23858,12336900
2016-03-31,0.33269699999999996,0.33524899999999996,0.320682,0.32249,23064,12438400
2016-04-01,0.322455,0.328947,0.309521,0.31843699999999997,21772,12058300
2016-04-02,0.31971900000000003,0.34020500000000004,0.317838,0.329964,14252,11958800
2016-04-03,0.330635,0.335985,0.318092,0.322115,12631,12368800
2016-04-04,0.321997,0.325945,0.31382600000000005,0.31501,17971,12046600
2016-04-05,0.313994,0.31650100000000003,0.296243,0.297775,14782,11748900
2016-04-06,0.298103,0.302363,0.271539,0.28486500000000003,21658,11155600
2016-04-07,0.284639,0.28475700000000004,0.259405,0.262276,18996,10655100
2016-04-08,0.26293,0.281646,0.26166999999999996,0.26358000000000004,14581,9843800
2016-04-09,0.26365,0.270914,0.25290300000000004,0.265762,17209,9871870
2016-04-10,0.265823,0.283467,0.25814000000000004,0.28339000000000003,9691,9954380
2016-04-11,0.283407,0.283407,0.258837,0.27053299999999997,10178,10613600
2016-04-12,0.270575,0.287275,0.256853,0.26225,11703,10133800
2016-04-13,0.262181,0.263812,0.246869,0.25406100000000004,12453,9820550
2016-04-14,0.253999,0.254094,0.24768600000000002,0.253475,7992,9514820
2016-04-15,0.253529,0.25957399999999997,0.250283,0.250332,9555,9498470
2016-04-16,0.250314,0.257154,0.240544,0.2465,7631,9393660
2016-04-17,0.246571,0.255387,0.238198,0.24366,8002,9254170
2016-04-18,0.24371900000000002,0.252249,0.219773,0.225635,16362,9148770
2016-04-19,0.225665,0.240499,0.22440500000000002,0.240287,8701,8472960
2016-04-20,0.240267,0.244493,0.229796,0.239294,9084,9022260
2016-04-21,0.239302,0.243015,0.232004,0.23926999999999998,6220,8987190
2016-04-22,0.23886,0.23920999999999998,0.22671100000000002,0.23331,5341,8971440
2016-04-23,0.232004,0.235103,0.214054,0.217739,13044,8714530
2016-04-24,0.21776500000000001,0.224546,0.215651,0.21877600000000003,7948,8180750
2016-04-25,0.21807800000000002,0.231992,0.210781,0.224321,11732,8193240
2016-04-26,0.219334,0.22336799999999998,0.190841,0.199891,9885,8244380
2016-04-27,0.19980499999999998,0.203593,0.186804,0.201292,5024,7512330
2016-04-28,0.20141199999999998,0.21430700000000003,0.183952,0.203926,11050,7573810
2016-04-29,0.203914,0.218516,0.19948,0.205569,9092,7668870
2016-04-30,0.205521,0.209213,0.187277,0.191677,7558,7730330
2016-05-01,0.191709,0.199667,0.189274,0.193471,4830,7213270
2016-05-02,0.19353299999999998,0.19353299999999998,0.177912,0.181454,4996,7282740
2016-05-03,0.181475,0.197452,0.17288199999999998,0.18916,7418,6830440
2016-05-04,0.189155,0.191722,0.181753,0.18395999999999998,7999,7120370
2016-05-05,0.18395999999999998,0.206619,0.18395999999999998,0.197299,10416,6925880
2016-05-06,0.201511,0.211329,0.184854,0.198229,10445,7589300
2016-05-07,0.19700299999999998,0.199977,0.19309500000000002,0.198594,9787,7420740
2016-05-08,0.19996,0.221987,0.19626400000000002,0.203373,8497,7532860
2016-05-09,0.203347,0.20900700000000003,0.190633,0.19081800000000002,8948,7661660
2016-05-10,0.19083,0.204145,0.181345,0.192881,8665,7190830
2016-05-11,0.192972,0.194491,0.182148,0.183531,5889,7272700
2016-05-12,0.183551,0.189898,0.172324,0.17873499999999998,9721,6919630
2016-05-13,0.17874500000000001,0.19691,0.17131500000000002,0.186505,3786,6739590
2016-05-14,0.186503,0.19209600000000002,0.159277,0.17481300000000002,8548,7032620
2016-05-15,0.174815,0.176073,0.159773,0.16527,3511,6592440
2016-05-16,0.165247,0.18546300000000002,0.162872,0.176015,6466,6231920
2016-05-17,0.17990899999999999,0.18717,0.163794,0.17061600000000002,7624,6785760
2016-05-18,0.169874,0.180721,0.168219,0.16959100000000002,4328,6407920
2016-05-19,0.169597,0.174046,0.15650999999999998,0.168054,8703,6398330
2016-05-20,0.167771,0.1867,0.15685,0.168245,10207,6330290
2016-05-21,0.168318,0.184946,0.16810999999999998,0.174122,7791,6351700
2016-05-22,0.16859100000000002,0.184901,0.16859100000000002,0.17699600000000001,5268,6364250
2016-05-23,0.177307,0.188627,0.173605,0.173784,4189,6694650
2016-05-24,0.173727,0.174145,0.163704,0.168786,4018,6560380
2016-05-25,0.168771,0.17469400000000002,0.153622,0.159546,5682,6374320
2016-05-26,0.161434,0.172599,0.148983,0.148983,6881,6098070
2016-05-27,0.150832,0.167773,0.150832,0.15426199999999998,5378,5699110
2016-05-28,0.155612,0.185502,0.152282,0.166241,4485,5880670
2016-05-29,0.166218,0.181347,0.159245,0.166667,5436,6282460
2016-05-30,0.16783399999999998,0.179562,0.15496500000000002,0.16527,3952,6344310
2016-05-31,0.164427,0.16655799999999998,0.151025,0.154642,4211,6216110
2016-06-01,0.15407200000000001,0.165023,0.15127100000000002,0.154303,6105,5825080
2016-06-02,0.153944,0.155886,0.150023,0.150023,4466,5823290
2016-06-03,0.150071,0.164998,0.14964,0.16321,2410,5678110
2016-06-04,0.16309,0.16533299999999998,0.142977,0.147801,5765,6172280
2016-06-05,0.14786400000000002,0.151004,0.140231,0.14868,3986,5596640
2016-06-06,0.146896,0.156662,0.132776,0.137501,3498,5561050
2016-06-07,0.136467,0.142881,0.130665,0.137987,4638,5167150
2016-06-08,0.138175,0.1495,0.133739,0.14621199999999998,2619,5232880
2016-06-09,0.14426,0.150305,0.13807,0.138502,2295,5464530
2016-06-10,0.138188,0.14278,0.136188,0.138223,3475,5235320
2016-06-11,0.13805,0.143922,0.13202,0.143922,4104,5231170
2016-06-12,0.14369200000000001,0.145538,0.125398,0.137534,11273,5445920
2016-06-13,0.137546,0.138692,0.103716,0.116499,11369,5216170
2016-06-14,0.112798,0.157384,0.10661400000000001,0.15115699999999999,14182,4278220
2016-06-15,0.15110099999999999,0.160734,0.143025,0.152031,4097,5731950
2016-06-16,0.152115,0.8991549999999999,0.152101,0.15976600000000002,25349,5770970
2016-06-17,0.159795,0.177701,0.147358,0.164018,5889,6063250
2016-06-18,0.16353099999999998,0.164226,0.143969,0.158146,4497,6205720
2016-06-19,0.158619,0.175767,0.151362,0.160666,13241,6019730
2016-06-20,0.15984,0.182296,0.14918599999999999,0.164793,39189,6067180
2016-06-21,0.164773,0.164773,0.146266,0.157316,20795,6255270
2016-06-22,0.15748499999999999,0.166219,0.147521,0.14769100000000002,6472,5979390
2016-06-23,0.149292,0.179923,0.140422,0.178601,19014,5668790
2016-06-24,0.178623,0.18563,0.12437899999999999,0.137943,7967,6783830
2016-06-25,0.130624,0.17060699999999998,0.11858900000000001,0.162904,3691,4961750
2016-06-26,0.162002,0.173006,0.156423,0.161751,4535,6154590
2016-06-27,0.162294,0.168377,0.133589,0.146579,7711,6166450
2016-06-28,0.148769,0.17515,0.142506,0.160984,26524,5653180
2016-06-29,0.16008699999999998,0.175678,0.149554,0.15845399999999998,12812,6084170
2016-06-30,0.157652,0.235168,0.157615,0.235168,66235,5992980
2016-07-01,0.23131100000000002,0.47453599999999996,0.23131100000000002,0.340887,371928,8794080
2016-07-02,0.34104,0.37097800000000003,0.311824,0.32666,60767,12971400
2016-07-03,0.326842,0.43646899999999994,0.312321,0.395497,270957,12438200
2016-07-04,0.40028,0.446367,0.394951,0.40936,193744,15234200
2016-07-05,0.409528,0.416493,0.38455100000000003,0.40415500000000004,88860,15588000
2016-07-06,0.404227,0.441946,0.395173,0.41584899999999997,122539,15387900
2016-07-07,0.417497,0.5372180000000001,0.415691,0.5372180000000001,512267,15894400
2016-07-08,0.538369,0.5545680000000001,0.470526,0.47853500000000004,201380,20498900
2016-07-09,0.47757200000000005,0.49636499999999995,0.406499,0.43593699999999996,220206,18186900
2016-07-10,0.435963,0.47453199999999995,0.418338,0.47024,58861,16605100
2016-07-11,0.470033,0.496867,0.426534,0.426534,98076,17906400
2016-07-12,0.42647399999999996,0.43066000000000004,0.368581,0.414256,117094,16250000
2016-07-13,0.414258,0.414361,0.378433,0.389403,71731,15788800
2016-07-14,0.388801,0.406116,0.379662,0.399483,43956,14820400
2016-07-15,0.399646,0.40528800000000004,0.39218800000000004,0.40028,32356,15234700
2016-07-16,0.399966,0.511374,0.399966,0.46082700000000004,146224,15248700
2016-07-17,0.459899,0.477042,0.433881,0.43959899999999996,44382,17536000
2016-07-18,0.43997700000000006,0.457428,0.404357,0.408549,41376,16780700
2016-07-19,0.408391,0.442032,0.406411,0.420933,68015,15577500
2016-07-20,0.420836,0.469075,0.42024300000000003,0.445221,52240,16053700
2016-07-21,0.445142,0.8317530000000001,0.443363,0.791738,1823660,16982500
2016-07-22,0.795204,0.965411,0.7622399999999999,0.780575,1928660,27686900
2016-07-23,0.780617,0.786225,0.7081529999999999,0.7374,558798,29791800
2016-07-24,0.73739,0.779606,0.714627,0.721418,237423,28144400
2016-07-25,0.721116,0.72177,0.578184,0.592907,484294,27526500
2016-07-26,0.578108,0.633722,0.5089060000000001,0.529767,431929,22069900
2016-07-27,0.529615,0.600442,0.46801000000000004,0.570749,641897,20223800
2016-07-28,0.570739,0.602152,0.505402,0.545091,386562,21797800
2016-07-29,0.541872,0.5619460000000001,0.521842,0.533755,162250,20698000
2016-07-30,0.5312939999999999,0.5423359999999999,0.509917,0.5202100000000001,85753,20296300
2016-07-31,0.5145930000000001,0.518717,0.47998900000000005,0.47998900000000005,95990,19660900
2016-08-01,0.481023,0.515622,0.459405,0.484146,164910,18380700
2016-08-02,0.483789,0.490123,0.43339799999999995,0.440396,135790,18489300
2016-08-03,0.43681499999999995,0.476372,0.427616,0.46979099999999996,100817,16700300
2016-08-04,0.470762,0.502551,0.46912,0.48176,121437,18000400
2016-08-05,0.481784,0.48653100000000005,0.466459,0.47476199999999996,82643,18426900
2016-08-06,0.47486000000000006,0.48869399999999996,0.466976,0.486363,67316,18164000
2016-08-07,0.486467,0.5105970000000001,0.46595699999999995,0.475833,137005,18610300
2016-08-08,0.475411,0.6421,0.46471,0.46671999999999997,201144,18190300
2016-08-09,0.46675,0.487792,0.461143,0.47516,158906,17862000
2016-08-10,0.47512,0.495569,0.47027399999999997,0.480048,56677,18185600
2016-08-11,0.480125,0.486025,0.46196000000000004,0.47067200000000003,99147,18378700
2016-08-12,0.470638,0.47461000000000003,0.46043900000000004,0.46846400000000005,72709,18017400
2016-08-13,0.469444,0.48469399999999996,0.46737700000000004,0.46871899999999994,110753,17973000
2016-08-14,0.471864,0.490482,0.46496400000000004,0.470897,60010,18066700
2016-08-15,0.470634,0.475659,0.45603699999999997,0.461729,75596,18022000
2016-08-16,0.46176999999999996,0.46847799999999995,0.445296,0.46142700000000003,121561,17684700
2016-08-17,0.46140600000000004,0.46269399999999994,0.446618,0.451636,75009,17674800
2016-08-18,0.451558,0.457218,0.444725,0.44736800000000004,58572,17300500
2016-08-19,0.447431,0.448284,0.430105,0.431316,105024,17147300
2016-08-20,0.431346,0.440192,0.42760600000000004,0.437359,55630,16532800
2016-08-21,0.437345,0.446716,0.420033,0.43109,62969,16764500
2016-08-22,0.431408,0.44576499999999997,0.407071,0.413009,85850,16539800
2016-08-23,0.41097799999999995,0.411851,0.384947,0.392106,53055,15758500
2016-08-24,0.391817,0.39185,0.363702,0.37655,55665,15026000
2016-08-25,0.376535,0.376535,0.357768,0.36604699999999996,42517,14441700
2016-08-26,0.364225,0.395486,0.364225,0.384992,54791,13971600
2016-08-27,0.386083,0.391814,0.375542,0.37899,27603,14811900
2016-08-28,0.374747,0.383522,0.364849,0.374828,35159,14378500
2016-08-29,0.374742,0.399356,0.374235,0.3933,53436,14379700
2016-08-30,0.393235,0.419404,0.384612,0.415332,49044,15092200
2016-08-31,0.41533400000000004,0.447572,0.412221,0.431835,150693,15942900
2016-09-01,0.431858,0.440192,0.41648199999999996,0.42511099999999996,28370,16580000
2016-09-02,0.424167,0.447725,0.419782,0.433993,44744,16287300
2016-09-03,0.433992,0.44464799999999993,0.42368100000000003,0.44043000000000004,33497,16668600
2016-09-04,0.44055900000000003,0.44534799999999997,0.43143100000000006,0.43559,57427,16922800
2016-09-05,0.433863,0.436676,0.409963,0.41963599999999995,41157,16667200
2016-09-06,0.419529,0.42309399999999997,0.409174,0.41705200000000003,55563,16120100
2016-09-07,0.416699,0.42266000000000004,0.40929,0.41792299999999993,66625,16012800
2016-09-08,0.41972600000000004,0.436116,0.41391000000000006,0.425675,59532,16132300
2016-09-09,0.41842700000000005,0.42862700000000004,0.41474700000000003,0.4216,55605,16085100
2016-09-10,0.421782,0.429307,0.4195,0.425343,34818,16216200
2016-09-11,0.425389,0.425859,0.404136,0.405535,24982,16356400
2016-09-12,0.404808,0.41507799999999995,0.393204,0.40474299999999996,53595,15566100
2016-09-13,0.410855,0.412812,0.39065,0.397955,56098,15800700
2016-09-14,0.398169,0.420414,0.393977,0.397468,53335,15314500
2016-09-15,0.397098,0.417343,0.380128,0.39381900000000003,77789,15274600
2016-09-16,0.394148,0.41199399999999997,0.39407800000000004,0.400352,33157,15163700
2016-09-17,0.400499,0.407957,0.393855,0.402881,32965,15440600
2016-09-18,0.402837,0.409553,0.397566,0.398568,38712,15533100
2016-09-19,0.397489,0.40000399999999997,0.387879,0.388284,68005,15328800
2016-09-20,0.388279,0.393312,0.377629,0.38424200000000003,37235,14975300
2016-09-21,0.384529,0.392728,0.379209,0.3903,74554,14832400
2016-09-22,0.390395,0.391266,0.38297600000000004,0.386913,36621,15061100
2016-09-23,0.386944,0.389975,0.385202,0.387971,31753,14929800
2016-09-24,0.387943,0.390283,0.382123,0.384052,38633,14970100
2016-09-25,0.384069,0.38767199999999996,0.380742,0.385347,22458,14823000
2016-09-26,0.385447,0.392974,0.379148,0.384131,24951,14878600
2016-09-27,0.385274,0.392154,0.380922,0.389836,31277,14873000
2016-09-28,0.389981,0.391846,0.372555,0.381254,52998,15057300
2016-09-29,0.381276,0.399414,0.38127300000000003,0.395467,41608,14723400
2016-09-30,0.395431,0.42003599999999996,0.394947,0.40477199999999997,41171,15272600
2016-10-01,0.404986,0.41233000000000003,0.387829,0.395127,34305,15645400
2016-10-02,0.391084,0.393281,0.379382,0.38807800000000003,50134,15110500
2016-10-03,0.388317,0.401621,0.373772,0.380865,19135,15008100
2016-10-04,0.380825,0.385387,0.371689,0.374819,32400,14720700
2016-10-05,0.378639,0.390815,0.374148,0.390613,32064,14638600
2016-10-06,0.39022199999999996,0.39498099999999997,0.381694,0.393334,27699,15088600
2016-10-07,0.393243,0.404278,0.38968600000000003,0.396443,29478,15206900
2016-10-08,0.396072,0.397958,0.38815900000000003,0.391509,28819,15319600
2016-10-09,0.391484,0.395009,0.384508,0.385446,28968,15144200
2016-10-10,0.388816,0.390063,0.373434,0.37519,59073,15048800
2016-10-11,0.375321,0.394214,0.37435799999999997,0.38402800000000004,27262,14528300
2016-10-12,0.386581,0.41074499999999997,0.378655,0.40820500000000004,26988,14965700
2016-10-13,0.407999,0.41319700000000004,0.362672,0.367636,24813,15796900
2016-10-14,0.367654,0.370799,0.34633400000000003,0.35039499999999996,38235,14237000
2016-10-15,0.350398,0.360213,0.34134699999999996,0.342086,17626,13571100
2016-10-16,0.342121,0.350986,0.33247,0.333347,23967,13251500
2016-10-17,0.333347,0.350953,0.296325,0.308699,77368,12912900
2016-10-18,0.308684,0.343756,0.28736799999999996,0.3005,31230,11958700
2016-10-19,0.300512,0.300687,0.278132,0.288742,30183,11643500
2016-10-20,0.28885,0.31954,0.281332,0.286083,22290,11193100
2016-10-21,0.28563,0.348246,0.2811,0.341913,37907,11070300
2016-10-22,0.342113,0.342113,0.272755,0.277119,33661,13260400
2016-10-23,0.27710300000000004,0.327202,0.27710300000000004,0.305576,35389,10741800
2016-10-24,0.305677,0.335918,0.28685700000000003,0.28938,23713,11855400
2016-10-25,0.289434,0.353852,0.288231,0.345352,27477,11229000
2016-10-26,0.345288,0.350501,0.278869,0.28186300000000003,19451,13402700
2016-10-27,0.280756,0.342589,0.276586,0.27747,21204,10899300
2016-10-28,0.277735,0.313224,0.271789,0.272543,13844,10782900
2016-10-29,0.272912,0.285698,0.262705,0.26550999999999997,28405,10596900
2016-10-30,0.26547600000000005,0.27274499999999996,0.249098,0.25760500000000003,30684,10309900
2016-10-31,0.25816100000000003,0.271396,0.252235,0.252235,17881,10027400
2016-11-01,0.252204,0.264167,0.250145,0.260935,26518,9797040
2016-11-02,0.260946,0.260946,0.23953000000000002,0.25002800000000003,27561,10137500
2016-11-03,0.250183,0.253282,0.23558800000000002,0.238073,29681,9720560
2016-11-04,0.238146,0.240218,0.226289,0.22830599999999998,36522,9254100
2016-11-05,0.228312,0.23982699999999998,0.223833,0.23244,15393,8873530
2016-11-06,0.23245100000000002,0.23583,0.22262300000000002,0.22917300000000002,20493,9035610
2016-11-07,0.23049299999999998,0.230498,0.20952199999999999,0.21167399999999997,55839,8960370
2016-11-08,0.211763,0.219717,0.187962,0.190359,70672,8234140
2016-11-09,0.192749,0.19784300000000002,0.175745,0.183867,62736,7496090
2016-11-10,0.183828,0.202731,0.181427,0.19358699999999998,84626,7153220
2016-11-11,0.19361,0.204664,0.188384,0.197604,25708,7534440
2016-11-12,0.19756400000000002,0.207366,0.189361,0.193054,34943,7689510
2016-11-13,0.19317,0.199848,0.190332,0.197774,55551,7519540
2016-11-14,0.197771,0.200916,0.190295,0.194421,20144,7699590
2016-11-15,0.19450699999999999,0.198081,0.18598599999999998,0.19072999999999998,11630,7573560
2016-11-16,0.198208,0.20052999999999999,0.189898,0.19282,16724,7718410
2016-11-17,0.193519,0.203657,0.193519,0.196701,6702,7536740
2016-11-18,0.196633,0.20593000000000003,0.18523699999999999,0.187801,21586,7659200
2016-11-19,0.187755,0.19908,0.179047,0.182146,23364,7314020
2016-11-20,0.182152,0.19543,0.179481,0.185541,9103,7096640
2016-11-21,0.188744,0.188797,0.177255,0.177422,15953,7353900
2016-11-22,0.177404,0.182349,0.173264,0.17446199999999998,8830,6912500
2016-11-23,0.174524,0.178117,0.170201,0.172551,19362,6801500
2016-11-24,0.169747,0.17876,0.169417,0.173763,8472,6617070
2016-11-25,0.173735,0.257222,0.172532,0.184032,17216,6773380
2016-11-26,0.184038,0.185027,0.170851,0.171072,7701,7176610
2016-11-27,0.171019,0.182535,0.17039400000000002,0.176627,7954,6669880
2016-11-28,0.17664100000000002,0.18926199999999999,0.17438,0.182955,7555,6890600
2016-11-29,0.180344,0.187849,0.17356300000000002,0.178465,13643,7035770
2016-11-30,0.178466,0.201514,0.178466,0.198667,27282,6963330
2016-12-01,0.198639,0.21870900000000001,0.191829,0.21194200000000002,23996,7751750
2016-12-02,0.21194899999999997,0.212189,0.192322,0.200844,11325,8273110
2016-12-03,0.200863,0.202586,0.188142,0.195845,12080,7841380
2016-12-04,0.19585,0.20642600000000003,0.195198,0.19950199999999998,6674,7646470
2016-12-05,0.19955799999999999,0.199762,0.180904,0.190459,17714,7792640
2016-12-06,0.190457,0.192271,0.18106,0.187824,20696,7438470
2016-12-07,0.18785,0.202241,0.186576,0.20147,21745,7337950
2016-12-08,0.20143699999999998,0.203376,0.191178,0.194766,20649,7869660
2016-12-09,0.194805,0.194996,0.18746500000000002,0.191633,19237,7611510
2016-12-10,0.191664,0.19496,0.18419000000000002,0.184754,12951,7489670
2016-12-11,0.184754,0.198477,0.18153,0.196608,22997,7222300
2016-12-12,0.196607,0.196821,0.18792999999999999,0.195469,8059,7689570
2016-12-13,0.195447,0.195829,0.185166,0.186613,6047,7645480
2016-12-14,0.18653699999999998,0.20902600000000002,0.179788,0.208819,151500,7298060
2016-12-15,0.208957,0.210143,0.179581,0.20891300000000002,176235,8175910
2016-12-16,0.20888299999999999,0.225557,0.179927,0.216838,77752,8173720
2016-12-17,0.216583,0.221067,0.199106,0.215919,46063,8476530
2016-12-18,0.215784,0.224046,0.198319,0.21375100000000002,33215,8446380
2016-12-19,0.221094,0.225571,0.198956,0.22193200000000002,36731,8655180
2016-12-20,0.22192699999999999,0.225183,0.201277,0.22253299999999998,33978,8689140
2016-12-21,0.22248600000000002,0.22452199999999997,0.195492,0.213392,31693,8712220
2016-12-22,0.21346199999999999,0.22295700000000002,0.19447,0.205285,71033,8359840
2016-12-23,0.20753000000000002,0.217824,0.190165,0.213069,51307,8128250
2016-12-24,0.205961,0.214759,0.188006,0.2022,37791,8068120
2016-12-25,0.202173,0.20219600000000001,0.17593699999999998,0.195602,30032,7920720
2016-12-26,0.195571,0.199824,0.183817,0.191892,35854,7662590
2016-12-27,0.194099,0.198639,0.181281,0.18371099999999999,33492,7607950
2016-12-28,0.183729,0.199548,0.164975,0.178608,31081,7203610
2016-12-29,0.178622,0.20347200000000001,0.171744,0.19728900000000002,16849,7004290
2016-12-30,0.19738499999999998,0.21105,0.19200899999999999,0.198773,23359,7741000
2016-12-31,0.198795,0.206578,0.148704,0.14874,21831,7797590
2017-01-01,0.148754,0.19222999999999998,0.148754,0.163603,36744,5835900
2017-01-02,0.16365,0.21388000000000001,0.15498299999999998,0.189936,56781,6420920
2017-01-03,0.19207,0.226825,0.155579,0.22556700000000002,184853,7536820
2017-01-04,0.225566,0.249442,0.19559100000000001,0.24541999999999997,120998,8852350
2017-01-05,0.24959699999999999,0.24959699999999999,0.193103,0.219074,251483,9796780
2017-01-06,0.219131,0.226654,0.18999100000000002,0.22276100000000001,245992,8601880
2017-01-07,0.22283899999999998,0.22315700000000002,0.187289,0.202558,28124,8748730
2017-01-08,0.19859000000000002,0.21007399999999998,0.193654,0.202,28099,7797720
2017-01-09,0.202132,0.203156,0.192978,0.199328,15766,7937700
2017-01-10,0.19869900000000001,0.206348,0.197935,0.20086800000000002,19095,7804120
2017-01-11,0.20085799999999998,0.205089,0.17919000000000002,0.181816,31233,7890700
2017-01-12,0.181766,0.190864,0.178084,0.187804,20527,7142040
2017-01-13,0.187801,0.192627,0.18101,0.1908,15958,7383310
2017-01-14,0.190937,0.197507,0.186351,0.188058,7064,7508360
2017-01-15,0.188003,0.195465,0.187249,0.188495,10452,7393900
2017-01-16,0.18849000000000002,0.194671,0.18169200000000002,0.18969,9825,7414170
2017-01-17,0.18971500000000002,0.196253,0.185288,0.191798,20576,7463600
2017-01-18,0.191875,0.194023,0.178607,0.18085199999999998,13621,7550270
2017-01-19,0.181103,0.187579,0.181103,0.184358,18571,7127640
2017-01-20,0.18431199999999998,0.190869,0.180614,0.181387,13462,7254910
2017-01-21,0.181387,0.18857000000000002,0.17507899999999998,0.18607,23783,7140620
2017-01-22,0.186069,0.18798800000000002,0.179568,0.181827,15218,7326280
2017-01-23,0.18196500000000002,0.18708699999999998,0.175126,0.183073,11014,7165670
2017-01-24,0.182975,0.183008,0.173009,0.178759,6418,7206290
2017-01-25,0.178795,0.184247,0.16934100000000002,0.181317,11257,7042980
2017-01-26,0.182982,0.240389,0.170058,0.176067,13737,7208940
2017-01-27,0.17611500000000002,0.197372,0.175367,0.18634,25593,6939730
2017-01-28,0.186348,0.197473,0.175832,0.184428,18122,7343590
2017-01-29,0.182256,0.196008,0.182256,0.19600499999999998,16812,7183620
2017-01-30,0.19601300000000002,0.196021,0.18592,0.18699000000000002,11637,7726510
2017-01-31,0.18699100000000002,0.19655799999999998,0.18616300000000002,0.192688,16331,7371460
2017-02-01,0.192683,0.196324,0.186021,0.189864,25585,7596960
2017-02-02,0.189221,0.19684200000000002,0.185589,0.187191,27804,7462000
2017-02-03,0.18671400000000002,0.193833,0.185633,0.191755,31920,7363770
2017-02-04,0.191828,0.59132,0.19000699999999998,0.193846,17611,7566240
2017-02-05,0.193744,0.198017,0.18858699999999998,0.19181900000000002,32057,7642760
2017-02-06,0.192004,0.216881,0.19181800000000002,0.21566,84409,7575120
2017-02-07,0.21560300000000002,0.218052,0.201322,0.207098,58717,8507350
2017-02-08,0.207127,0.209702,0.195036,0.201776,24231,8173770
2017-02-09,0.20189100000000001,0.206502,0.179231,0.192485,39197,7967810
2017-02-10,0.192075,0.193237,0.182672,0.189006,23705,7581340
2017-02-11,0.189904,0.197451,0.18671,0.19178,22000,7496810
2017-02-12,0.191711,0.195521,0.185255,0.189172,13623,7568590
2017-02-13,0.189072,0.189123,0.17125,0.178034,21855,7465050
2017-02-14,0.17819000000000002,0.188051,0.17513800000000002,0.1862,21949,7035930
2017-02-15,0.186378,0.20156500000000002,0.181651,0.19641199999999998,27415,7359840
2017-02-16,0.19639,0.200299,0.192106,0.194656,15585,7755900
2017-02-17,0.194544,0.200021,0.186998,0.19173800000000002,15870,7687140
2017-02-18,0.192464,0.19808199999999998,0.190899,0.19254200000000002,16311,7605880
2017-02-19,0.19256900000000002,0.20064200000000001,0.191993,0.198133,15215,7610660
2017-02-20,0.198276,0.19859200000000002,0.193298,0.195932,9400,7837150
2017-02-21,0.19587100000000002,0.198876,0.192945,0.198105,23295,7743050
2017-02-22,0.19809000000000002,0.198269,0.18556,0.19226300000000002,14192,7831860
2017-02-23,0.192262,0.193699,0.177589,0.18673599999999999,19480,7602120
2017-02-24,0.187307,0.19586099999999998,0.18673399999999998,0.19203199999999998,19693,7406770
2017-02-25,0.191972,0.193495,0.18848199999999998,0.188632,8897,7591750
2017-02-26,0.188621,0.19222899999999998,0.18673900000000002,0.190187,9955,7459650
2017-02-27,0.189776,0.194466,0.183503,0.184556,13653,7505900
2017-02-28,0.18471700000000002,0.188209,0.181637,0.185383,15747,7306510
2017-03-01,0.185409,0.20064200000000001,0.182804,0.19314800000000001,41606,7340190
2017-03-02,0.193227,0.201848,0.181057,0.19053699999999998,57382,7650230
2017-03-03,0.190467,0.20139300000000002,0.187582,0.194973,32265,7544790
2017-03-04,0.195132,0.197959,0.184503,0.19087,24909,7734170
2017-03-05,0.190805,0.19250799999999998,0.185619,0.18876099999999998,26904,7564650
2017-03-06,0.18958599999999998,0.20786500000000002,0.185556,0.202348,69640,7517400
2017-03-07,0.20236700000000002,0.224152,0.19926,0.208995,121882,8024930
2017-03-08,0.210162,0.211733,0.193325,0.194244,108933,8335310
2017-03-09,0.194166,0.205281,0.189875,0.19931400000000002,55364,7701660
2017-03-10,0.199403,0.20438399999999998,0.181306,0.18681,58079,7910300
2017-03-11,0.186826,0.200212,0.186826,0.195882,31618,7411980
2017-03-12,0.195953,0.236386,0.195953,0.23279,121630,7775320
2017-03-13,0.229048,0.346084,0.229048,0.291504,778324,9089670
2017-03-14,0.294014,0.32810700000000004,0.269111,0.294892,280512,11669200
2017-03-15,0.290127,0.366315,0.28358099999999997,0.33862,450537,11516100
2017-03-16,0.364843,0.403963,0.287027,0.315571,462034,14483700
2017-03-17,0.320171,0.32339,0.272252,0.294075,235011,12711900
2017-03-18,0.300836,0.307186,0.26164,0.262442,128581,11946100
2017-03-19,0.265358,0.315382,0.262846,0.309861,139865,10539000
2017-03-20,0.308062,0.395536,0.292184,0.34868699999999997,419958,12236700
2017-03-21,0.35429099999999997,0.37917199999999995,0.334204,0.342587,253232,14075000
2017-03-22,0.34017600000000003,0.346395,0.295608,0.321196,236992,13523300
2017-03-23,0.324685,0.344622,0.31068,0.331805,178706,12908400
2017-03-24,0.326941,0.334536,0.308961,0.316094,173399,12999300
2017-03-25,0.316256,0.317948,0.300702,0.31603200000000004,91903,12575200
2017-03-26,0.315823,0.326343,0.307202,0.313459,76281,12559500
2017-03-27,0.315073,0.352752,0.312625,0.348956,151564,12531500
2017-03-28,0.349034,0.35017,0.328994,0.33577399999999996,94478,13883500
2017-03-29,0.339047,0.34844899999999995,0.331856,0.342539,61164,13487900
2017-03-30,0.343412,0.354004,0.31011,0.322602,216676,13662600
2017-03-31,0.320569,0.355533,0.320569,0.33973000000000003,240264,12754700
2017-04-01,0.339731,0.40897100000000003,0.335913,0.374849,391277,13519700
2017-04-02,0.374702,0.41950600000000005,0.368505,0.40874099999999997,284458,14912500
2017-04-03,0.41159300000000004,0.46642100000000003,0.347608,0.381741,382964,16381500
2017-04-04,0.379485,0.379533,0.335715,0.37096999999999997,180404,15104400
2017-04-05,0.368751,0.387293,0.33834200000000003,0.386261,141081,14679500
2017-04-06,0.38661100000000004,0.41578699999999996,0.365223,0.371686,212489,15393800
2017-04-07,0.371334,0.380721,0.34743,0.356001,186339,14790400
2017-04-08,0.35532600000000003,0.366613,0.353509,0.354149,81133,14160700
2017-04-09,0.358302,0.383631,0.355248,0.36953600000000003,141029,14286400
2017-04-10,0.36949899999999997,0.44127299999999997,0.36828299999999997,0.405787,386998,14735600
2017-04-11,0.405933,0.41930100000000003,0.38915500000000003,0.39857800000000004,217386,16190600
2017-04-12,0.400227,0.405575,0.381952,0.39374899999999996,157637,15964200
2017-04-13,0.393485,0.400792,0.38926700000000003,0.39196,91540,15696300
2017-04-14,0.393802,0.420163,0.391202,0.41681,171141,15710300
2017-04-15,0.41656000000000004,0.45533999999999997,0.41654300000000005,0.43967,229132,16620100
2017-04-16,0.43993000000000004,0.447097,0.42562700000000003,0.441766,208742,17554600
2017-04-17,0.438983,0.476529,0.437775,0.45478599999999997,195882,17518300
2017-04-18,0.45648199999999994,0.506696,0.451926,0.479655,343437,18218200
2017-04-19,0.480009,0.49957399999999996,0.46500699999999995,0.48681599999999997,206689,19158700
2017-04-20,0.48686599999999997,0.486997,0.418259,0.430841,190690,19433900
2017-04-21,0.429191,0.44549700000000003,0.419808,0.43933500000000003,204287,17133400
2017-04-22,0.440432,0.445671,0.431849,0.440572,127194,17589600
2017-04-23,0.440445,0.532948,0.43696199999999996,0.486833,341938,17591900
2017-04-24,0.492208,0.515079,0.47256400000000004,0.511423,186483,19661500
2017-04-25,0.510971,0.531904,0.487432,0.5145489999999999,172157,20412100
2017-04-26,0.514841,0.541184,0.501757,0.53517,227533,20568700
2017-04-27,0.5338729999999999,0.552657,0.5134810000000001,0.5186470000000001,238528,21330200
2017-04-28,0.519988,0.6294890000000001,0.509889,0.6088180000000001,660792,20776500
2017-04-29,0.601762,0.633134,0.594037,0.6320479999999999,378595,24045600
2017-04-30,0.630821,0.685772,0.623412,0.681042,638843,25209000
2017-05-01,0.683653,0.701523,0.475181,0.602522,537586,27321500
2017-05-02,0.602873,0.621818,0.48844399999999993,0.554254,435696,24097300
2017-05-03,0.543508,0.6126659999999999,0.529416,0.608546,457639,21725800
2017-05-04,0.608561,0.652021,0.585245,0.638566,453808,24327800
2017-05-05,0.631983,0.707001,0.5519649999999999,0.634147,772325,25265700
2017-05-06,0.632251,0.734549,0.585954,0.734549,868967,25278200
2017-05-07,0.7344470000000001,0.829405,0.6660510000000001,0.720539,1145480,29367200
2017-05-08,0.729378,0.832994,0.729378,0.795552,737626,29167000
2017-05-09,0.795415,0.823083,0.6718649999999999,0.765184,508393,31812800
2017-05-10,0.7649729999999999,0.787655,0.705825,0.715178,315672,30601200
2017-05-11,0.715376,0.715376,0.577447,0.6106699999999999,386110,28627600
2017-05-12,0.6184890000000001,0.672917,0.611293,0.615857,304419,24753900
2017-05-13,0.610229,1.25,0.56445,1.16,5001380,24426600
2017-05-14,1.18,1.2,0.957659,0.97877,1360970,47134600
2017-05-15,0.981722,1.0,0.878001,0.8992690000000001,872620,39305100
2017-05-16,0.8965569999999999,0.9818389999999999,0.804706,0.9621379999999999,929795,35900000
2017-05-17,0.9334709999999999,0.961825,0.8478530000000001,0.8979299999999999,565110,37384500
2017-05-18,0.89549,0.9684590000000001,0.892706,0.941042,653473,35865900
2017-05-19,0.9491940000000001,1.09,0.9459850000000001,1.04,893526,38021700
2017-05-20,1.03,1.05,0.965042,1.02,554759,41182800
2017-05-21,1.02,1.07,1.01,1.03,945341,40705800
2017-05-22,1.03,1.24,0.990041,1.17,1433730,41415000
2017-05-23,1.15,1.35,1.09,1.34,1404900,45918900
2017-05-24,1.33,1.35,1.13,1.16,1238470,53228600
2017-05-25,1.17,1.18,0.938119,0.945168,1357130,46899300
2017-05-26,0.9468979999999999,1.09,0.790547,0.8143130000000001,991188,37994500
2017-05-27,0.823127,0.836664,0.5239,0.789888,1477370,33031400
2017-05-28,0.792385,0.8374510000000001,0.724318,0.7988729999999999,1036590,31800400
2017-05-29,0.801189,0.8781610000000001,0.727835,0.862209,980824,32155300
2017-05-30,0.8636290000000001,0.922868,0.755744,0.7646609999999999,822787,34663700
2017-05-31,0.766976,0.8758229999999999,0.701278,0.827817,824452,30785500
2017-06-01,0.82601,0.916291,0.812136,0.898333,826118,33168100
2017-06-02,0.898215,0.9282950000000001,0.832405,0.888123,952578,36069600
2017-06-03,0.8949,0.9621430000000001,0.829098,0.9564090000000001,858587,35940300
2017-06-04,0.954325,0.9943780000000001,0.845245,0.991626,708251,38337000
2017-06-05,0.9920700000000001,1.12,0.99079,1.1,985586,39860100
2017-06-06,1.11,1.13,0.974824,1.06,1040620,44466100
2017-06-07,1.07,1.08,1.02,1.03,880911,42808400
2017-06-08,1.03,1.04,0.936558,1.04,1139370,41501300
2017-06-09,1.03,1.19,1.02,1.1,1263840,41531400
2017-06-10,1.11,1.16,1.07,1.13,1521010,44621700
2017-06-11,1.13,1.45,1.05,1.31,2356730,45335600
2017-06-12,1.3,1.36,1.11,1.17,1903130,52460900
2017-06-13,1.16,1.3,1.15,1.22,1213530,46653200
2017-06-14,1.22,1.34,1.13,1.16,1072960,49187000
2017-06-15,1.16,1.22,1.09,1.22,1153240,46533000
2017-06-16,1.22,1.6,1.12,1.59,2776590,48909200
2017-06-17,1.63,1.88,1.54,1.83,3556080,65575900
2017-06-18,1.77,1.79,1.57,1.63,1908150,71399800
2017-06-19,1.64,1.74,1.61,1.63,2066560,66106200
2017-06-20,1.64,1.73,1.61,1.7,1889230,65904300
2017-06-21,1.71,2.05,1.61,1.88,3161210,68691900
2017-06-22,1.89,2.01,1.76,1.92,1760550,76069500
2017-06-23,1.92,2.07,1.74,2.03,2193780,77372000
2017-06-24,2.03,2.24,1.8,1.88,3193880,81628200
2017-06-25,1.88,1.95,1.8,1.8,1262330,75801400
2017-06-26,1.84,1.84,1.44,1.57,2431780,73977700
2017-06-27,1.57,1.62,1.35,1.59,1864200,63217700
2017-06-28,1.59,1.68,1.53,1.64,1029990,64133000
2017-06-29,1.68,1.68,1.53,1.63,1381580,67597300
2017-06-30,1.62,1.66,1.44,1.45,1040120,65229900
2017-07-01,1.45,1.49,1.25,1.39,788954,58572700
2017-07-02,1.36,1.37,1.23,1.37,1208680,54930900
2017-07-03,1.34,1.5,1.22,1.47,1190870,54039400
2017-07-04,1.47,1.54,1.45,1.46,1086650,59163500
2017-07-05,1.46,1.47,1.36,1.39,958337,58948300
2017-07-06,1.39,1.48,1.38,1.41,1113610,56160100
2017-07-07,1.41,1.41,1.26,1.27,929710,56947500
2017-07-08,1.26,1.31,1.03,1.21,935045,50939700
2017-07-09,1.21,1.36,1.06,1.27,898864,48794000
2017-07-10,1.27,1.27,0.939214,1.13,881776,51214100
2017-07-11,1.13,1.15,0.8529389999999999,0.9044979999999999,567328,45554700
2017-07-12,0.9052399999999999,0.983909,0.8177979999999999,0.922925,541012,36540800
2017-07-13,0.9240879999999999,1.04,0.871274,1.04,355047,37307800
2017-07-14,1.06,1.09,0.8176800000000001,0.9727680000000001,589508,42795500
2017-07-15,0.9521120000000001,0.975404,0.780096,0.9303299999999999,662408,38460900
2017-07-16,0.874748,0.989777,0.694009,0.812187,587336,35343400
2017-07-17,0.880965,1.02,0.716585,0.9242290000000001,639959,35597000
2017-07-18,0.8738309999999999,1.01,0.809718,0.931623,550735,35311600
2017-07-19,0.932156,1.07,0.8600620000000001,1.02,764344,37669800
2017-07-20,0.979136,1.16,0.8931459999999999,1.05,743364,39569600
2017-07-21,1.07,1.09,1.01,1.09,283230,43043800
2017-07-22,1.09,1.22,1.08,1.18,261849,43932600
2017-07-23,1.19,1.2,0.96798,0.969684,726275,47901600
2017-07-24,1.03,1.14,0.934001,0.987834,562608,41524000
2017-07-25,1.08,1.15,0.910752,0.9766469999999999,410614,43552300
2017-07-26,0.976339,1.0,0.803258,0.880444,176980,39469100
2017-07-27,0.8637299999999999,1.01,0.8637299999999999,0.980449,169498,34933200
2017-07-28,0.985671,1.0,0.8988889999999999,0.939448,148932,39867500
2017-07-29,0.927275,0.949989,0.8135899999999999,0.867713,140330,37507600
2017-07-30,0.879582,0.879582,0.824002,0.861769,141424,35580500
2017-07-31,0.863168,0.885266,0.8294370000000001,0.8463,165432,34917900
2017-08-01,0.8274469999999999,0.888619,0.8048609999999999,0.881242,168497,33474800
2017-08-02,0.88259,1.01,0.8659479999999999,0.944992,228080,35708600
2017-08-03,0.9484540000000001,0.9825379999999999,0.92111,0.949206,156467,38376500
2017-08-04,0.946428,1.05,0.9180309999999999,1.02,251039,38296700
2017-08-05,1.04,1.13,0.967167,1.08,462926,41904700
2017-08-06,1.1,1.11,0.974766,0.982675,366158,44572800
2017-08-07,1.05,1.09,0.965319,1.02,422931,42583900
2017-08-08,1.04,1.12,1.01,1.04,652832,41960900
2017-08-09,1.04,1.11,1.0,1.01,383865,42124500
2017-08-10,1.02,1.22,1.01,1.15,409286,41135900
2017-08-11,1.11,1.17,1.03,1.07,305150,45091400
2017-08-12,1.07,1.16,1.0,1.13,214748,43180800
2017-08-13,1.04,1.15,0.953781,1.04,209149,41961500
2017-08-14,1.01,1.07,0.91412,0.941416,267072,40912100
2017-08-15,0.9323809999999999,1.06,0.813604,0.965799,323424,37807500
2017-08-16,0.970141,1.02,0.9215780000000001,0.9473090000000001,286526,39346500
2017-08-17,0.950558,0.9812420000000001,0.90022,0.943887,158523,38557100
2017-08-18,0.9234829999999999,0.978441,0.830175,0.8575229999999999,221554,37463500
2017-08-19,0.852844,0.8919530000000001,0.822976,0.855223,215694,34600900
2017-08-20,0.868226,1.66,0.8200379999999999,1.65,2052930,35226800
2017-08-21,1.68,1.68,1.16,1.16,1416880,68270200
2017-08-22,1.17,1.19,0.987189,1.13,964351,47339000
2017-08-23,1.12,1.17,1.09,1.09,455546,45625500
2017-08-24,1.1,1.18,1.07,1.16,245582,44595800
2017-08-25,1.16,1.87,1.13,1.34,2685200,47274300
2017-08-26,1.32,1.44,1.29,1.31,564841,53474400
2017-08-27,1.31,1.33,1.19,1.21,279597,53216600
2017-08-28,1.21,1.35,1.14,1.22,687161,49068600
2017-08-29,1.21,1.28,1.2,1.26,394387,49256400
2017-08-30,1.27,1.27,1.19,1.21,392562,51382500
2017-08-31,1.21,1.26,1.2,1.23,192166,49307700
2017-09-01,1.25,1.29,1.12,1.27,261574,50809800
2017-09-02,1.22,1.29,1.1,1.18,369948,49707300
2017-09-03,1.15,1.21,1.08,1.15,242568,46645800
2017-09-04,1.15,1.19,0.9774780000000001,1.01,803737,46651100
2017-09-05,1.01,1.07,0.864871,1.02,555011,41201700
2017-09-06,1.02,1.15,1.0,1.12,556284,41560100
2017-09-07,1.12,1.12,0.941366,1.05,436240,45556800
2017-09-08,1.07,1.07,0.755624,0.795924,560709,43607900
2017-09-09,0.8161510000000001,0.8304600000000001,0.732321,0.8144640000000001,587810,33206800
2017-09-10,0.807383,0.807383,0.697667,0.733691,263444,32854600
2017-09-11,0.7306630000000001,0.7877770000000001,0.713806,0.755877,295854,29737100
2017-09-12,0.753289,0.8414709999999999,0.738158,0.7813060000000001,595823,30663100
2017-09-13,0.778822,0.8898940000000001,0.722681,0.775586,719922,31708900
2017-09-14,0.774664,0.78481,0.45501800000000003,0.45871999999999996,618250,31544800
2017-09-15,0.455225,0.580569,0.337512,0.556243,695952,18540100
2017-09-16,0.554535,0.8254299999999999,0.463226,0.788043,1698880,22589200
2017-09-17,0.785279,0.792771,0.6735220000000001,0.6740430000000001,1007790,31992000
2017-09-18,0.6816439999999999,0.746394,0.64636,0.6640189999999999,475418,27772900
2017-09-19,0.665201,0.678373,0.632889,0.645111,260436,27105400
2017-09-20,0.6414989999999999,0.676589,0.612809,0.641984,287567,26140900
2017-09-21,0.637724,0.639339,0.557024,0.568891,334093,25989100
2017-09-22,0.5657800000000001,0.602579,0.54687,0.561949,125118,23070800
2017-09-23,0.5584,0.604136,0.55069,0.599213,155477,22771400
2017-09-24,0.608057,0.608057,0.575761,0.588074,79366,24798100
2017-09-25,0.591865,0.623757,0.583903,0.620475,129433,24138900
2017-09-26,0.621572,0.6794789999999999,0.605406,0.64973,239843,25351000
2017-09-27,0.649159,0.710897,0.640076,0.703118,201339,26480000
2017-09-28,0.706063,0.719125,0.6693279999999999,0.676221,168825,28802600
2017-09-29,0.673316,0.677277,0.608284,0.645319,218358,27467800
2017-09-30,0.642519,0.690392,0.640885,0.683192,186656,26222100
2017-10-01,0.687555,0.704811,0.677441,0.692522,185092,28061100
2017-10-02,0.686942,0.701821,0.6535479999999999,0.655255,135513,28036900
2017-10-03,0.65664,0.6775909999999999,0.604276,0.61193,134476,26800700
2017-10-04,0.613032,0.622579,0.584305,0.59023,80260,25021500
2017-10-05,0.601795,0.610593,0.57376,0.593862,80627,24563600
2017-10-06,0.593214,0.60622,0.58268,0.593878,87380,24215200
2017-10-07,0.594978,0.602956,0.564154,0.577399,87948,24288300
2017-10-08,0.583643,0.591835,0.559987,0.5661189999999999,108504,23826900
2017-10-09,0.5596180000000001,0.563425,0.471747,0.476842,165634,22848500
2017-10-10,0.477583,0.515414,0.47288800000000003,0.49558900000000006,109447,19500800
2017-10-11,0.49648400000000004,0.554048,0.490659,0.5093340000000001,97801,20274900
2017-10-12,0.509483,0.741544,0.508389,0.6277010000000001,473333,20806600
2017-10-13,0.6359239999999999,0.643308,0.508857,0.529046,161519,25971100
2017-10-14,0.534505,0.534505,0.480817,0.508957,76721,21830700
2017-10-15,0.507506,0.6029869999999999,0.461287,0.479483,195062,20729000
2017-10-16,0.48432600000000003,0.696854,0.47105600000000003,0.51983,300843,19782900
2017-10-17,0.515841,0.590961,0.511134,0.542177,101064,21070800
2017-10-18,0.544416,0.5953970000000001,0.5310590000000001,0.5904229999999999,84470,22238600
2017-10-19,0.591449,0.607021,0.529927,0.5401600000000001,74059,24160600
2017-10-20,0.539788,0.564755,0.508945,0.5228079999999999,65599,22051100
2017-10-21,0.520746,0.540117,0.479288,0.479288,74092,21274400
2017-10-22,0.48766099999999996,0.508079,0.463459,0.49308500000000005,65851,19925500
2017-10-23,0.491575,0.5001899999999999,0.46379899999999996,0.47296800000000006,71275,20090300
2017-10-24,0.472138,0.629289,0.44446800000000003,0.607522,417099,19300400
2017-10-25,0.613819,0.630792,0.514916,0.5936779999999999,212622,25094400
2017-10-26,0.595833,0.595833,0.49006700000000003,0.5204880000000001,102054,24361700
2017-10-27,0.51836,0.6284350000000001,0.5080210000000001,0.54487,225800,21195700
2017-10-28,0.5456949999999999,0.553321,0.522192,0.522192,71357,22314900
2017-10-29,0.520233,0.5348109999999999,0.478271,0.490882,89757,21274200
2017-10-30,0.485515,0.5729270000000001,0.398352,0.5003810000000001,536591,19863400
2017-10-31,0.5052260000000001,0.537814,0.476872,0.516107,204878,20670300
2017-11-01,0.516124,0.519343,0.435115,0.495679,135329,21117000
2017-11-02,0.49758800000000003,0.502891,0.42710699999999996,0.452662,86275,20359200
2017-11-03,0.451033,0.493849,0.446669,0.48350600000000005,46710,18454700
2017-11-04,0.484396,0.534391,0.471974,0.532895,97783,19820300
2017-11-05,0.527924,0.607763,0.5123300000000001,0.517822,209757,21601800
2017-11-06,0.520404,0.838291,0.5051,0.663148,1175480,21297400
2017-11-07,0.687196,0.691491,0.5976600000000001,0.611855,282507,28124600
2017-11-08,0.6105149999999999,0.726238,0.598171,0.689094,381338,24987500
2017-11-09,0.6948439999999999,0.8199719999999999,0.669038,0.7244149999999999,483079,28440200
2017-11-10,0.716567,0.783605,0.653339,0.685297,198205,29330200
2017-11-11,0.6836220000000001,0.698717,0.616058,0.629042,91748,27984700
2017-11-12,0.626808,0.650874,0.526163,0.5775939999999999,147909,25661100
2017-11-13,0.572322,0.639958,0.567567,0.6236109999999999,140358,23431900
2017-11-14,0.628311,0.726845,0.6174850000000001,0.702096,275013,25725200
2017-11-15,0.7169300000000001,0.7262430000000001,0.681175,0.697331,161088,29356000
2017-11-16,0.699761,0.747807,0.679755,0.738391,136102,28655500
2017-11-17,0.732969,0.748081,0.711486,0.72601,451556,30016700
2017-11-18,0.723671,0.731542,0.695479,0.722925,144480,29637100
2017-11-19,0.724105,0.751019,0.7148,0.747314,97990,29655600
2017-11-20,0.7460640000000001,0.776877,0.731248,0.772745,476163,30556000
2017-11-21,0.767547,0.785227,0.7277680000000001,0.763634,184756,31437100
2017-11-22,0.763889,0.8313020000000001,0.75939,0.813353,136232,31288100
2017-11-23,0.8134020000000001,0.816858,0.765692,0.766538,122340,33321300
2017-11-24,0.767926,0.791469,0.753696,0.786251,158463,31463600
2017-11-25,0.778856,0.846651,0.7719560000000001,0.836824,140728,31912800
2017-11-26,0.838146,0.924718,0.8298549999999999,0.878238,189835,34348700
2017-11-27,0.8891129999999999,1.02,0.882043,1.02,346034,36439700
2017-11-28,1.04,1.05,0.932847,0.9781030000000001,246578,42581900
2017-11-29,0.9819760000000001,1.07,0.862297,0.904582,254093,40248600
2017-11-30,0.917839,1.01,0.843935,0.938631,200950,37621900
2017-12-01,0.932838,1.04,0.888009,1.03,166048,38238600
2017-12-02,1.03,1.05,0.9940559999999999,1.02,182503,42235400
2017-12-03,1.01,1.1,1.01,1.05,168950,41592100
2017-12-04,1.06,1.1,1.03,1.1,166180,43340200
2017-12-05,1.11,1.15,1.09,1.13,224765,45382900
2017-12-06,1.11,1.22,1.04,1.1,483754,45547000
2017-12-07,1.1,1.21,1.02,1.14,297771,45037300
2017-12-08,1.13,1.21,0.88895,1.13,349585,46391500
2017-12-09,1.13,1.23,1.02,1.09,158578,46253400
2017-12-10,1.09,1.09,0.94504,0.998133,178915,44708000
2017-12-11,0.971725,1.09,0.967659,1.06,184365,39875100
2017-12-12,1.07,1.26,1.03,1.22,353685,43728100
2017-12-13,1.22,1.26,1.13,1.15,244815,50004300
2017-12-14,1.14,1.43,1.14,1.33,461232,46973300
2017-12-15,1.34,1.41,1.2,1.39,251378,54976400
2017-12-16,1.4,1.57,1.3,1.43,378242,57331100
2017-12-17,1.42,1.43,1.32,1.37,257677,58289000
2017-12-18,1.38,1.53,1.3,1.51,342212,56800500
2017-12-19,1.51,1.68,1.4,1.63,728486,62014700
2017-12-20,1.63,1.67,1.43,1.59,383527,66798500
2017-12-21,1.59,2.45,1.51,2.31,1800670,65336000
2017-12-22,2.35,2.89,1.38,1.69,2634950,96673600
2017-12-23,1.72,3.12,1.72,2.81,2347940,70586400
2017-12-24,2.82,3.14,2.41,2.8,2610020,115905000
2017-12-25,2.84,2.89,2.37,2.65,2994650,116658000
2017-12-26,2.65,4.09,2.64,3.0,6067900,108769000
2017-12-27,2.95,3.34,2.7,2.81,2660190,121037000
2017-12-28,2.8,2.9,2.46,2.63,1905480,115237000
2017-12-29,2.64,3.08,2.6,2.85,2467670,108622000
2017-12-30,2.85,3.68,2.55,2.96,2864940,116973000
2017-12-31,2.94,3.27,2.87,2.87,2284670,120947000
2018-01-01,2.86,3.35,2.75,3.18,2711850,117462000
2018-01-02,3.19,3.52,3.07,3.44,2028680,131076000
2018-01-03,3.43,3.5,2.87,3.18,2409520,141055000
2018-01-04,3.19,3.49,3.12,3.48,3150840,131345000
2018-01-05,3.48,3.55,3.09,3.38,3702900,143177000
2018-01-06,3.41,5.08,3.37,4.53,3299830,140282000
2018-01-07,4.63,4.8,4.01,4.11,3083770,190695000
2018-01-08,4.09,5.17,3.65,5.17,4266410,168510000
2018-01-09,5.13,5.59,4.68,5.34,3665320,211187000
2018-01-10,5.34,5.94,4.8,5.94,3664750,220031000
2018-01-11,5.99,8.04,5.07,6.94,6406370,246669000
2018-01-12,6.95,7.36,6.33,7.29,4983060,286368000
2018-01-13,7.27,10.5,7.23,9.45,7262580,299658000
2018-01-14,9.42,10.53,8.66,8.83,5115330,387926000
2018-01-15,8.67,8.74,7.05,7.5,4503370,357103000
2018-01-16,7.37,7.39,5.29,5.97,2853170,303624000
2018-01-17,5.98,6.43,4.75,5.86,2511510,246393000
2018-01-18,5.78,7.19,5.66,7.04,4226270,238266000
2018-01-19,7.0,8.25,6.94,8.25,3617700,288502000
2018-01-20,8.35,9.26,8.22,8.56,3270370,343945000
2018-01-21,8.59,8.62,7.2,7.63,3016270,353855000
2018-01-22,7.68,7.92,6.38,6.91,2079870,316463000
2018-01-23,6.9,7.03,5.58,6.09,3051320,284241000
2018-01-24,6.12,6.32,5.78,5.97,2607290,252274000
2018-01-25,5.99,6.11,5.17,5.31,2415770,246762000
2018-01-26,5.28,5.91,4.94,5.42,1957820,217759000
2018-01-27,5.29,5.96,5.21,5.8,1858440,217973000
2018-01-28,5.79,6.06,5.61,5.8,1607410,238710000
2018-01-29,5.81,5.88,5.37,5.47,1694100,239412000
2018-01-30,5.47,5.5,4.94,5.26,1960320,225750000
2018-01-31,5.28,5.48,4.73,5.43,1898300,217597000
2018-02-01,5.43,5.52,4.16,4.41,1653610,224057000
2018-02-02,4.4,4.43,3.15,4.19,1609920,181693000
2018-02-03,4.13,4.57,3.85,4.21,1265710,170246000
2018-02-04,4.19,4.19,3.43,3.47,885495,172772000
2018-02-05,3.42,3.5,2.4,2.58,1104250,141284000
2018-02-06,2.55,3.17,2.07,3.11,974245,105162000
2018-02-07,3.08,3.75,2.86,3.44,962499,127068000
2018-02-08,3.46,4.43,3.46,3.85,1220010,142757000
2018-02-09,3.84,3.97,3.65,3.93,914505,158415000
2018-02-10,3.93,4.28,3.68,3.83,1065960,162281000
2018-02-11,3.83,3.95,3.39,3.81,877228,157934000
2018-02-12,3.81,4.52,3.79,4.3,1319100,157305000
2018-02-13,4.32,4.48,4.13,4.2,1342290,178510000
2018-02-14,4.18,4.46,4.15,4.41,1209840,172647000
2018-02-15,4.43,4.64,4.04,4.15,1264450,182937000
2018-02-16,4.13,4.31,4.0,4.22,1254030,170661000
2018-02-17,4.19,4.6,4.08,4.45,1215450,173399000
2018-02-18,4.49,4.74,4.05,4.37,1026980,185457000
2018-02-19,4.31,5.31,4.31,5.28,1205990,178066000
2018-02-20,5.29,5.56,4.65,4.73,1129310,218613000
2018-02-21,4.72,4.81,4.2,4.55,1092390,195155000
2018-02-22,4.54,4.64,3.97,3.97,903900,187762000
2018-02-23,3.96,4.2,3.86,4.03,921499,163869000
2018-02-24,3.97,4.19,3.5,3.65,892795,164383000
2018-02-25,3.56,3.74,3.37,3.52,917579,147338000
2018-02-26,3.56,3.78,3.37,3.77,1004940,147086000
2018-02-27,3.83,4.02,3.64,3.83,967689,158583000
2018-02-28,3.81,3.97,3.43,3.5,987356,157499000
2018-03-01,3.48,3.81,3.42,3.56,671292,143996000
2018-03-02,3.56,3.75,3.4,3.44,766072,147500000
2018-03-03,3.5,3.79,3.42,3.76,759386,145042000
2018-03-04,3.73,4.11,3.59,4.09,965459,154570000
2018-03-05,4.08,4.61,4.01,4.45,1096290,169196000
2018-03-06,4.48,4.5,3.88,3.89,776514,185681000
2018-03-07,3.86,4.03,3.61,3.69,763436,160162000
2018-03-08,3.69,3.78,3.37,3.45,653730,152783000
2018-03-09,3.4,3.5,3.16,3.41,646285,140831000
2018-03-10,3.48,4.03,3.29,3.87,944892,144197000
2018-03-11,3.87,4.15,3.64,3.97,922764,160688000
2018-03-12,3.99,4.09,3.58,3.7,776288,165430000
2018-03-13,3.73,3.83,3.56,3.58,584217,154606000
2018-03-14,3.64,3.74,3.07,3.15,716509,151013000
2018-03-15,3.1,3.46,2.94,3.35,982496,128757000
2018-03-16,3.38,3.69,3.27,3.53,899148,140167000
2018-03-17,3.59,3.81,3.43,3.59,818272,148869000
2018-03-18,3.56,3.6,3.04,3.45,879264,147847000
2018-03-19,3.44,3.63,3.36,3.51,890162,142779000
2018-03-20,3.6,3.82,3.48,3.57,868242,149475000
2018-03-21,3.6,3.73,3.47,3.47,626321,149608000
2018-03-22,3.55,3.67,3.32,3.45,829325,147402000
2018-03-23,3.38,3.47,3.2,3.35,816871,140378000
2018-03-24,3.47,3.48,3.28,3.28,809252,144055000
2018-03-25,3.27,3.4,3.19,3.2,786609,135761000
2018-03-26,3.17,3.22,2.98,3.13,836382,131790000
2018-03-27,3.12,3.16,2.87,2.9,766967,129529000
2018-03-28,2.88,2.97,2.79,2.79,716941,119760000
2018-03-29,2.82,2.85,2.54,2.56,654141,117280000
2018-03-30,2.58,2.61,2.29,2.33,772410,106965000
2018-03-31,2.35,2.42,2.24,2.28,530681,97453700
2018-04-01,2.28,2.32,2.09,2.19,505673,94592600
2018-04-02,2.19,2.36,2.17,2.3,576327,91036400
2018-04-03,2.31,2.48,2.3,2.43,688561,96015200
2018-04-04,2.44,2.47,2.16,2.22,766183,101453000
2018-04-05,2.2,2.3,2.12,2.19,576608,103855000
2018-04-06,2.18,2.2,2.1,2.14,580820,90430300
2018-04-07,2.12,2.29,2.12,2.22,630774,88131000
2018-04-08,2.22,2.32,2.22,2.24,507076,92469900
2018-04-09,2.27,2.31,2.14,2.18,539891,94262000
2018-04-10,2.18,2.25,2.12,2.22,520112,90484300
2018-04-11,2.24,2.36,2.19,2.33,624326,93226900
2018-04-12,2.31,2.65,2.28,2.57,707082,95980100
2018-04-13,2.55,3.23,2.44,2.9,1178490,106119000
2018-04-14,3.1,3.19,2.88,2.89,618272,128886000
2018-04-15,2.89,3.05,2.89,3.01,755000,120221000
2018-04-16,3.0,3.02,2.81,2.86,882404,124987000
2018-04-17,2.83,2.96,2.81,2.85,634250,117621000
2018-04-18,2.85,6.55,2.85,3.85,78004400,118425000
2018-04-19,3.79,3.79,3.36,3.63,9584380,157671000
2018-04-20,3.57,3.57,3.31,3.43,3039640,148563000
2018-04-21,3.42,3.45,3.22,3.37,1327470,142528000
2018-04-22,3.38,3.55,3.32,3.46,1621380,140812000
2018-04-23,3.46,3.63,3.36,3.44,2726990,143952000
